CodObr,CodPar,NumPar,CodIns,CanIns,CosIns,CodFam,Contad,CodAlt
"144ZOIPA","P0000035",1,"MANO0056",2.0000000000000000e+00,3.3300000000000001e+00,"01",1218,
"144ZOIPA","P0000035",1,"MANO0008",1.0000000000000000e+00,3.6099999999999999e+00,"01",1219,
"144ZOIPA","P0000035",1,"DTC003",1.0000000000000000e+00,1.0000000000000000e+01,"01",1220,
"144ZOIPA","P0000110",2,"MANO0056",2.0000000000000000e+00,3.3300000000000001e+00,"01",1221,
"144ZOIPA","P0000110",2,"MANO0005",1.0000000000000000e+00,3.6099999999999999e+00,"01",1222,
"144ZOIPA","P0000110",2,"MANO0059",1.0000000000000000e+00,8.0899999999999999e+00,"01",1223,
"144ZOIPA","P0000110",2,"MANO0011",5.0000000000000000e-01,3.7500000000000000e+00,"01",1224,
"144ZOIPA","P0003997",3,"MANO0021",2.0000000000000000e+00,3.6099999999999999e+00,"01",1225,
"144ZOIPA","P0003997",3,"MANO0007",3.0000000000000000e+00,3.6099999999999999e+00,"01",1226,
"144ZOIPA","P0003997",3,"MANO0018",1.0000000000000000e+00,6.9299999999999997e+00,"01",1227,
"144ZOIPA","P0005853",4,"MANO0007",2.0000000000000000e+00,3.6099999999999999e+00,"01",1228,
"144ZOIPA","P0005853",4,"MANO0059",2.0000000000000000e+00,8.0899999999999999e+00,"01",1229,
"144ZOIPA","P0005853",4,"MANO0018",4.0000000000000000e+00,6.9299999999999997e+00,"01",1230,
"144ZOIPA","P0005853",4,"MANO0011",2.5000000000000000e-01,3.7500000000000000e+00,"01",1231,
"144ZOIPA","P0005853",4,"MANO0102",1.0000000000000000e+00,6.9299999999999997e+00,"01",1232,
"144ZOIPA","P0005858",5,"MANO0042",1.0000000000000000e+00,8.3100000000000005e+00,"01",1233,
"144ZOIPA","P0005858",5,"MANO0021",3.0000000000000000e+00,3.6099999999999999e+00,"01",1234,
"144ZOIPA","P0005858",5,"MANO0019",4.0000000000000002e-01,4.0400000000000000e+00,"01",1235,
"144ZOIPA","P0005858",5,"MANO0007",2.0000000000000000e+00,3.6099999999999999e+00,"01",1236,
"144ZOIPA","P0005858",5,"MANO0059",1.0000000000000000e+00,8.0899999999999999e+00,"01",1237,
"144ZOIPA","P0005858",5,"MANO0028",4.0000000000000002e-01,3.7500000000000000e+00,"01",1238,
"144ZOIPA","LAI499",6,"MANO0057",1.0000000000000000e+00,3.7500000000000000e+00,"01",1239,
"144ZOIPA","LAI499",6,"MANO0042",2.5000000000000000e-01,8.3100000000000005e+00,"01",1240,
"144ZOIPA","LAI499",6,"MANO0056",2.0000000000000000e+00,3.3300000000000001e+00,"01",1241,
"144ZOIPA","OBREX31",7,"MANO0001",2.0000000000000000e+00,4.4299999999999997e+00,"01",1242,
"144ZOIPA","OBREX31",7,"MANO0051",1.0000000000000000e+00,4.0400000000000000e+00,"01",1243,
"144ZOIPA","OBREX31",7,"MANO0056",4.0000000000000000e+00,3.3300000000000001e+00,"01",1244,
"144ZOIPA","OBREX31",7,"MANO0043",2.5000000000000000e-01,6.9800000000000004e+00,"01",1245,
"144ZOIPA","*ARMRE07",8,"MANO0005",2.0000000000000000e+00,3.6099999999999999e+00,"01",1246,
"144ZOIPA","*ARMRE07",8,"MANO0039",5.0000000000000000e-01,7.3499999999999996e+00,"01",1247,
"144ZOIPA","*ARMRE07",8,"MANO0009",1.0000000000000000e+00,4.4299999999999997e+00,"01",1248,
"144ZOIPA","*ARMRE07",8,"MANO0010",1.0000000000000000e+00,3.7500000000000000e+00,"01",1249,
"144ZOIPA","P0002329",9,"MANO0056",2.0000000000000000e+00,3.3300000000000001e+00,"01",1250,
"144ZOIPA","P0002329",9,"MANO0005",2.0000000000000000e+00,3.6099999999999999e+00,"01",1251,
"144ZOIPA","P0002329",9,"MANO0013",2.0000000000000000e+00,4.4500000000000002e+00,"01",1252,
"144ZOIPA","P0002329",9,"MANO0040",2.5000000000000000e-01,7.3499999999999996e+00,"01",1253,
"144ZOIPA","P0001367",10,"MANO0056",3.0000000000000000e+00,3.3300000000000001e+00,"01",1254,
"144ZOIPA","P0001367",10,"MANO0005",2.0000000000000000e+00,3.6099999999999999e+00,"01",1255,
"144ZOIPA","P0001367",10,"MANO0001",2.0000000000000000e+00,4.4299999999999997e+00,"01",1256,
"144ZOIPA","P0001367",10,"MANO0043",5.0000000000000000e-01,6.9800000000000004e+00,"01",1257,
"144ZOIPA","P0001367",10,"MANO0051",1.0000000000000000e+00,4.0400000000000000e+00,"01",1258,
"144ZOIPA","*OBREX33",11,"MANO0056",3.0000000000000000e+00,3.3300000000000001e+00,"01",1259,
"144ZOIPA","*OBREX33",11,"MANO0051",1.0000000000000000e+00,4.0400000000000000e+00,"01",1260,
"144ZOIPA","*OBREX33",11,"MANO0043",5.0000000000000000e-01,6.9800000000000004e+00,"01",1261,
"144ZOIPA","*OBREX33",11,"MANO0001",2.0000000000000000e+00,4.4299999999999997e+00,"01",1262,
"144ZOIPA","*OBREX30",12,"MANO0001",2.0000000000000000e+00,4.4299999999999997e+00,"01",1263,
"144ZOIPA","*OBREX30",12,"MANO0051",1.0000000000000000e+00,4.0400000000000000e+00,"01",1264,
"144ZOIPA","*OBREX30",12,"MANO0056",4.0000000000000000e+00,3.3300000000000001e+00,"01",1265,
"144ZOIPA","*OBREX30",12,"MANO0043",2.5000000000000000e-01,6.9800000000000004e+00,"01",1266,
"144ZOIPA","OBREX30",13,"MANO0011",2.5000000000000000e-01,3.7500000000000000e+00,"01",1267,
"144ZOIPA","OBREX30",13,"MANO0056",3.0000000000000000e+00,3.3300000000000001e+00,"01",1268,
"144ZOIPA","LAI490",14,"DTC003",1.0000000000000000e+00,1.0000000000000000e+01,"01",1269,
"144ZOIPA","LAI490",14,"MANO0056",2.0000000000000000e+00,3.3300000000000001e+00,"01",1270,
"144ZOIPA","LAI490",14,"MANO0005",1.0000000000000000e+00,3.6099999999999999e+00,"01",1271,
"144ZOIPA","P0000164",15,"MANO0011",1.0000000000000000e+00,3.7500000000000000e+00,"01",1272,
"144ZOIPA","P0000164",15,"MANO0059",1.0000000000000000e+00,8.0899999999999999e+00,"01",1273,
"144ZOIPA","P0000164",15,"MANO0056",6.0000000000000000e+00,3.3300000000000001e+00,"01",1274,
"144ZOIPA","P0000164",15,"MANO0007",1.0000000000000000e+00,3.6099999999999999e+00,"01",1275,
"144ZOIPA","BOTE1",16,"MANO0059",1.0000000000000000e+00,8.0899999999999999e+00,"01",1276,
"144ZOIPA","BOTE1",16,"MANO0042",5.0000000000000000e-01,8.3100000000000005e+00,"01",1277,
"144ZOIPA","BOTE1",16,"MANO0018",1.0000000000000000e+00,6.9299999999999997e+00,"01",1278,
"144ZOIPA","LAI499",17,"MANO0057",1.0000000000000000e+00,3.7500000000000000e+00,"01",1279,
"144ZOIPA","LAI499",17,"MANO0042",2.5000000000000000e-01,8.3100000000000005e+00,"01",1280,
"144ZOIPA","LAI499",17,"MANO0056",2.0000000000000000e+00,3.3300000000000001e+00,"01",1281,
"144ZOIPA","P0001661",18,"MANO0056",4.0000000000000000e+00,3.3300000000000001e+00,"01",1282,
"144ZOIPA","P0001661",18,"MANO0042",5.0000000000000000e-01,8.3100000000000005e+00,"01",1283,
"144ZOIPA","P0001661",18,"MANO0057",1.0000000000000000e+00,3.7500000000000000e+00,"01",1284,
"144ZOIPA","P0002002",19,"MANO0056",5.0000000000000000e+00,3.3300000000000001e+00,"01",1285,
"144ZOIPA","P0002002",19,"MANO0011",1.0000000000000000e+00,3.7500000000000000e+00,"01",1286,
"144ZOIPA","P0002002",19,"MANO0057",2.0000000000000000e+00,3.7500000000000000e+00,"01",1287,
"144ZOIPA","UP333",20,"MANO0056",3.0000000000000000e+00,3.3300000000000001e+00,"01",1288,
"144ZOIPA","UP333",20,"MANO0057",2.5000000000000000e-01,3.7500000000000000e+00,"01",1289,
"144ZOIPA","UP333",20,"MANO0050",1.0000000000000000e+00,7.3499999999999996e+00,"01",1290,
"144ZOIPA","UP333",20,"MANO0005",1.0000000000000000e+00,3.6099999999999999e+00,"01",1291,
"144ZOIPA","UP333",20,"MANO0072",1.0000000000000000e+00,4.4299999999999997e+00,"01",1292,
"144ZOIPA","LAI530",21,"MANO0042",2.5000000000000000e-01,8.3100000000000005e+00,"01",1293,
"144ZOIPA","LAI530",21,"MANO0072",1.0000000000000000e+00,4.4299999999999997e+00,"01",1294,
"144ZOIPA","LAI530",21,"MANO0001",1.0000000000000000e+00,4.4299999999999997e+00,"01",1295,
"144ZOIPA","LAI530",21,"MANO0056",4.0000000000000000e+00,3.3300000000000001e+00,"01",1296,
"144ZOIPA","LAI530",21,"MANO0019",2.5000000000000000e-01,4.0400000000000000e+00,"01",1297,
"144ZOIPA","P0004769",22,"MANO0056",1.0000000000000000e+00,3.3300000000000001e+00,"01",1298,
"144ZOIPA","P0004769",22,"MANO0005",1.0000000000000000e+00,3.6099999999999999e+00,"01",1299,
"144ZOIPA","P0004769",22,"MANO0001",1.0000000000000000e+00,4.4299999999999997e+00,"01",1300,
"144ZOIPA","P0004769",22,"MANO0051",2.5000000000000000e-01,4.0400000000000000e+00,"01",1301,
"144ZOIPA","P0005722",23,"MANO0056",2.0000000000000000e+00,3.3300000000000001e+00,"01",1302,
"144ZOIPA","P0005722",23,"MANO0001",1.0000000000000000e+00,4.4299999999999997e+00,"01",1303,
"144ZOIPA","P0005722",23,"MANO0043",2.5000000000000000e-01,6.9800000000000004e+00,"01",1304,
"144ZOIPA","P0005722",23,"MANO0021",1.0000000000000000e+00,3.6099999999999999e+00,"01",1305,
"144ZOIPA","P0005722",23,"MANO0059",5.0000000000000000e-01,8.0899999999999999e+00,"01",1306,
"144ZOIPA","P0003198",24,"MANO0056",2.0000000000000000e+00,3.3300000000000001e+00,"01",1307,
"144ZOIPA","P0003198",24,"MANO0005",1.0000000000000000e+00,3.6099999999999999e+00,"01",1308,
"144ZOIPA","P0003198",24,"MANO0001",1.0000000000000000e+00,4.4299999999999997e+00,"01",1309,
"144ZOIPA","P0003198",24,"MANO0043",2.5000000000000000e-01,6.9800000000000004e+00,"01",1310,
"144ZOIPA","P0003198",24,"MANO0059",5.0000000000000000e-01,8.0899999999999999e+00,"01",1311,
"144ZOIPA","P0004757",25,"MANO0056",2.0000000000000000e+00,3.3300000000000001e+00,"01",1312,
"144ZOIPA","P0004757",25,"MANO0001",1.0000000000000000e+00,4.4299999999999997e+00,"01",1313,
"144ZOIPA","P0004757",25,"MANO0043",2.5000000000000000e-01,6.9800000000000004e+00,"01",1314,
"144ZOIPA","P0004757",25,"MANO0001",1.0000000000000000e+00,4.4299999999999997e+00,"01",1315,
"144ZOIPA","LAI531",26,"DTC003",1.0000000000000000e+00,1.0000000000000000e+01,"01",1316,
"144ZOIPA","LAI531",26,"MANO0008",1.0000000000000000e+00,3.6099999999999999e+00,"01",1317,
"144ZOIPA","LAI531",26,"MANO0056",2.0000000000000000e+00,3.3300000000000001e+00,"01",1318,
"144ZOIPA","P0000164",27,"MANO0011",1.0000000000000000e+00,3.7500000000000000e+00,"01",1319,
"144ZOIPA","P0000164",27,"MANO0059",1.0000000000000000e+00,8.0899999999999999e+00,"01",1320,
"144ZOIPA","P0000164",27,"MANO0056",6.0000000000000000e+00,3.3300000000000001e+00,"01",1321,
"144ZOIPA","P0000164",27,"MANO0007",1.0000000000000000e+00,3.6099999999999999e+00,"01",1322,
"144ZOIPA","P0000173",28,"MANO0056",5.0000000000000000e+00,3.3300000000000001e+00,"01",1323,
"144ZOIPA","P0000173",28,"MANO0011",1.0000000000000000e+00,3.7500000000000000e+00,"01",1324,
"144ZOIPA","P0000173",28,"MANO0057",1.0000000000000000e+00,3.7500000000000000e+00,"01",1325,
"144ZOIPA","P0003576",29,"MANO0056",2.0000000000000000e+00,3.3300000000000001e+00,"01",1326,
"144ZOIPA","P0003576",29,"MANO0005",1.0000000000000000e+00,3.6099999999999999e+00,"01",1327,
"144ZOIPA","P0003576",29,"MANO0072",1.0000000000000000e+00,4.4299999999999997e+00,"01",1328,
"144ZOIPA","P0003576",29,"MANO0050",2.5000000000000000e-01,7.3499999999999996e+00,"01",1329,
"144ZOIPA","P0003606",30,"MANO0005",1.0000000000000000e+00,3.6099999999999999e+00,"01",1330,
"144ZOIPA","P0003606",30,"MANO0072",1.0000000000000000e+00,4.4299999999999997e+00,"01",1331,
"144ZOIPA","P0003641",31,"MANO0056",1.0000000000000000e+00,3.3300000000000001e+00,"01",1332,
"144ZOIPA","P0003641",31,"MANO0072",1.0000000000000000e+00,4.4299999999999997e+00,"01",1333,
"144ZOIPA","LIC006",32,"MANO0056",1.0000000000000000e+00,3.3300000000000001e+00,"01",1334,
"144ZOIPA","LIC006",32,"MANO0072",1.0000000000000000e+00,4.4299999999999997e+00,"01",1335,
"144ZOIPA","LIC006",32,"MANO0005",2.0000000000000000e+00,3.6099999999999999e+00,"01",1336,
"144ZOIPA","LIC006",32,"MANO0020",2.5000000000000000e-01,3.7500000000000000e+00,"01",1337,
"144ZOIPA","P0005861",33,"MANO0005",3.0000000000000000e+00,3.6099999999999999e+00,"01",1338,
"144ZOIPA","P0005861",33,"MANO0045",1.0000000000000000e+00,7.3499999999999996e+00,"01",1339,
"144ZOIPA","P0005861",33,"MANO0018",2.5100000000000000e-01,6.9299999999999997e+00,"01",1340,
"144ZOIPA","P0005861",33,"MANO0038",2.0000000000000000e+00,6.9299999999999997e+00,"01",1341,
"144ZOIPA","P0005862",34,"MANO0059",1.0000000000000000e+00,8.0899999999999999e+00,"01",1342,
"144ZOIPA","P0005862",34,"MANO0056",2.0000000000000000e+00,3.3300000000000001e+00,"01",1343,
"144ZOIPA","P0005862",34,"MANO0005",4.0000000000000000e+00,3.6099999999999999e+00,"01",1344,
"144ZOIPA","P0005862",34,"MANO0055",2.0000000000000000e+00,6.9299999999999997e+00,"01",1345,
"144ZOIPA","P0005896",35,"MANO0005",3.0000000000000000e+00,3.6099999999999999e+00,"01",1346,
"144ZOIPA","P0005896",35,"MANO0045",1.0000000000000000e+00,7.3499999999999996e+00,"01",1347,
"144ZOIPA","P0005896",35,"MANO0018",2.5100000000000000e-01,6.9299999999999997e+00,"01",1348,
"144ZOIPA","P0005896",35,"MANO0038",2.0000000000000000e+00,6.9299999999999997e+00,"01",1349,
"144ZOIPA","ESTRUC27",36,"MANO0056",2.0000000000000000e+00,3.3300000000000001e+00,"01",1350,
"144ZOIPA","ESTRUC27",36,"MANO0005",4.0000000000000000e+00,3.6099999999999999e+00,"01",1351,
"144ZOIPA","ESTRUC27",36,"MANO0059",1.0000000000000000e+00,8.0899999999999999e+00,"01",1352,
"144ZOIPA","ESTRUC27",36,"MANO0055",2.0000000000000000e+00,6.9299999999999997e+00,"01",1353,
"144ZOIPA","P0005864",37,"MANO0005",3.0000000000000000e+00,3.6099999999999999e+00,"01",1354,
"144ZOIPA","P0005864",37,"MANO0045",1.0000000000000001e-01,7.3499999999999996e+00,"01",1355,
"144ZOIPA","P0005864",37,"MANO0018",1.0000000000000001e-01,6.9299999999999997e+00,"01",1356,
"144ZOIPA","P0005864",37,"MANO0038",2.0000000000000000e+00,6.9299999999999997e+00,"01",1357,
"144ZOIPA","P0005865",38,"MANO0005",3.0000000000000000e+00,3.6099999999999999e+00,"01",1358,
"144ZOIPA","P0005865",38,"MANO0045",1.0000000000000001e-01,7.3499999999999996e+00,"01",1359,
"144ZOIPA","P0005865",38,"MANO0018",1.0000000000000001e-01,6.9299999999999997e+00,"01",1360,
"144ZOIPA","P0005865",38,"MANO0038",2.0000000000000000e+00,6.9299999999999997e+00,"01",1361,
"144ZOIPA","P0005866",39,"MANO0005",3.0000000000000000e+00,3.6099999999999999e+00,"01",1362,
"144ZOIPA","P0005866",39,"MANO0045",1.0000000000000001e-01,7.3499999999999996e+00,"01",1363,
"144ZOIPA","P0005866",39,"MANO0018",1.0000000000000001e-01,6.9299999999999997e+00,"01",1364,
"144ZOIPA","P0005866",39,"MANO0038",2.0000000000000000e+00,6.9299999999999997e+00,"01",1365,
"144ZOIPA","P0005868",40,"MANO0005",4.0000000000000000e+00,3.6099999999999999e+00,"01",1366,
"144ZOIPA","P0005868",40,"MANO0045",1.0000000000000000e+00,7.3499999999999996e+00,"01",1367,
"144ZOIPA","P0005868",40,"MANO0018",5.0000000000000000e-01,6.9299999999999997e+00,"01",1368,
"144ZOIPA","P0005868",40,"MANO0038",2.0000000000000000e+00,6.9299999999999997e+00,"01",1369,
"144ZOIPA","P0005868",40,"MANO0026",2.0000000000000000e+00,4.4299999999999997e+00,"01",1370,
"144ZOIPA","P0005872",41,"MANO0056",1.0000000000000000e+00,3.3300000000000001e+00,"01",1371,
"144ZOIPA","P0005872",41,"MANO0005",1.0000000000000000e+00,3.6099999999999999e+00,"01",1372,
"144ZOIPA","P0005872",41,"MANO0026",1.0000000000000000e+00,4.4299999999999997e+00,"01",1373,
"144ZOIPA","CALBRE3",42,"MANO0056",1.0000000000000000e+00,3.3300000000000001e+00,"01",1374,
"144ZOIPA","CALBRE3",42,"MANO0005",1.0000000000000000e+00,3.6099999999999999e+00,"01",1375,
"144ZOIPA","CALBRE3",42,"MANO0026",1.0000000000000000e+00,4.4299999999999997e+00,"01",1376,
"144ZOIPA","CALBRE3",42,"MANO0045",2.5000000000000000e-01,7.3499999999999996e+00,"01",1377,
"144ZOIPA","TEGDG",43,"MANO0005",4.0000000000000000e+00,3.6099999999999999e+00,"01",1378,
"144ZOIPA","TEGDG",43,"MANO0045",1.0000000000000000e+00,7.3499999999999996e+00,"01",1379,
"144ZOIPA","TEGDG",43,"MANO0018",1.0000000000000000e+00,6.9299999999999997e+00,"01",1380,
"144ZOIPA","TEGDG",43,"MANO0038",2.0000000000000000e+00,6.9299999999999997e+00,"01",1381,
"144ZOIPA","TEGDG",43,"MANO0026",2.0000000000000000e+00,4.4299999999999997e+00,"01",1382,
"144ZOIPA","FEFF",44,"MANO0005",3.0000000000000000e+00,3.6099999999999999e+00,"01",1383,
"144ZOIPA","FEFF",44,"MANO0045",1.0000000000000001e-01,7.3499999999999996e+00,"01",1384,
"144ZOIPA","FEFF",44,"MANO0018",1.0000000000000001e-01,6.9299999999999997e+00,"01",1385,
"144ZOIPA","FEFF",44,"MANO0038",2.0000000000000000e+00,6.9299999999999997e+00,"01",1386,
"144ZOIPA","P0005888",45,"MANO0056",4.0000000000000000e+00,3.3300000000000001e+00,"01",1387,
"144ZOIPA","P0005888",45,"MANO0005",1.0000000000000000e+00,3.6099999999999999e+00,"01",1388,
"144ZOIPA","P0005888",45,"MANO0074",1.0000000000000000e+00,6.9299999999999997e+00,"01",1389,
"144ZOIPA","P0005888",45,"MANO0009",1.0000000000000000e+00,4.4299999999999997e+00,"01",1390,
"144ZOIPA","P0005893",46,"MANO0005",1.0000000000000000e+00,3.6099999999999999e+00,"01",1391,
"144ZOIPA","P0005893",46,"MANO0045",1.0000000000000001e-01,7.3499999999999996e+00,"01",1392,
"144ZOIPA","P0005893",46,"MANO0020",1.0000000000000001e-01,3.7500000000000000e+00,"01",1393,
"144ZOIPA","P0005893",46,"MANO0001",4.0000000000000000e+00,4.4299999999999997e+00,"01",1394,
"144ZOIPA","P0005894",47,"MANO0045",5.0000000000000000e-01,7.3499999999999996e+00,"01",1395,
"144ZOIPA","P0005894",47,"MANO0005",1.0000000000000000e+00,3.6099999999999999e+00,"01",1396,
"144ZOIPA","P0005894",47,"MANO0026",1.0000000000000000e+00,4.4299999999999997e+00,"01",1397,
"144ZOIPA","P0005895",48,"MANO0005",3.0000000000000000e+00,3.6099999999999999e+00,"01",1398,
"144ZOIPA","P0005895",48,"MANO0045",1.0000000000000001e-01,7.3499999999999996e+00,"01",1399,
"144ZOIPA","P0005895",48,"MANO0018",2.0000000000000001e-01,6.9299999999999997e+00,"01",1400,
"144ZOIPA","P0005895",48,"MANO0038",2.0000000000000000e+00,6.9299999999999997e+00,"01",1401,
"144ZOIPA","P0003897",49,"MANO0005",2.0000000000000000e+00,3.6099999999999999e+00,"01",1402,
"144ZOIPA","P0003897",49,"MANO0070",2.0000000000000000e+00,6.9299999999999997e+00,"01",1403,
"144ZOIPA","P0003897",49,"MANO0049",1.0000000000000001e-01,7.3499999999999996e+00,"01",1404,
"144ZOIPA","P0003897",49,"MANO0018",1.0000000000000001e-01,6.9299999999999997e+00,"01",1405,
"144ZOIPA","P0003898",50,"MANO0005",2.0000000000000000e+00,3.6099999999999999e+00,"01",1406,
"144ZOIPA","P0003898",50,"MANO0070",2.0000000000000000e+00,6.9299999999999997e+00,"01",1407,
"144ZOIPA","P0003898",50,"MANO0049",1.0000000000000001e-01,7.3499999999999996e+00,"01",1408,
"144ZOIPA","P0003898",50,"MANO0018",1.0000000000000001e-01,6.9299999999999997e+00,"01",1409,
"144ZOIPA","P0003820",51,"MANO0005",3.0000000000000000e+00,3.6099999999999999e+00,"01",1410,
"144ZOIPA","P0003820",51,"MANO0045",1.0000000000000001e-01,7.3499999999999996e+00,"01",1411,
"144ZOIPA","P0003820",51,"MANO0018",2.5000000000000000e-01,6.9299999999999997e+00,"01",1412,
"144ZOIPA","P0003820",51,"MANO0038",2.0000000000000000e+00,6.9299999999999997e+00,"01",1413,
"144ZOIPA","P0003821",52,"MANO0005",3.0000000000000000e+00,3.6099999999999999e+00,"01",1414,
"144ZOIPA","P0003821",52,"MANO0045",1.0000000000000001e-01,7.3499999999999996e+00,"01",1415,
"144ZOIPA","P0003821",52,"MANO0018",2.5000000000000000e-01,6.9299999999999997e+00,"01",1416,
"144ZOIPA","P0003821",52,"MANO0038",2.0000000000000000e+00,6.9299999999999997e+00,"01",1417,
"144ZOIPA","P0005708",53,"MANO0005",3.0000000000000000e+00,3.6099999999999999e+00,"01",1418,
"144ZOIPA","P0005708",53,"MANO0045",1.0000000000000001e-01,7.3499999999999996e+00,"01",1419,
"144ZOIPA","P0005708",53,"MANO0018",1.0000000000000001e-01,6.9299999999999997e+00,"01",1420,
"144ZOIPA","P0005708",53,"MANO0038",2.0000000000000000e+00,6.9299999999999997e+00,"01",1421,
"144ZOIPA","P0000160",54,"MANO0056",8.0000000000000000e+00,3.3300000000000001e+00,"01",1422,
"144ZOIPA","P0000160",54,"MANO0011",1.0000000000000000e+00,3.7500000000000000e+00,"01",1423,
"144ZOIPA","P0000160",54,"MANO0059",2.0000000000000000e+00,8.0899999999999999e+00,"01",1424,
"144ZOIPA","P0000147",55,"MANO0056",1.0000000000000000e+01,3.3300000000000001e+00,"01",1425,
"144ZOIPA","P0000147",55,"MANO0011",2.5000000000000000e-01,3.7500000000000000e+00,"01",1426,
"144ZOIPA","P0000176",56,"MANO0057",1.0000000000000000e+00,3.7500000000000000e+00,"01",1427,
"144ZOIPA","P0000176",56,"MANO0056",4.0000000000000000e+00,3.3300000000000001e+00,"01",1428,
"144ZOIPA","P0000176",56,"MANO0042",2.5000000000000000e-01,8.3100000000000005e+00,"01",1429,
"144ZOIPA","P0000645",57,"MANO0056",4.0000000000000000e+00,3.3300000000000001e+00,"01",1430,
"144ZOIPA","P0000645",57,"MANO0005",4.0000000000000000e+00,3.6099999999999999e+00,"01",1431,
"144ZOIPA","P0000645",57,"MANO0010",1.0000000000000000e+00,3.7500000000000000e+00,"01",1432,
"144ZOIPA","P0000645",57,"MANO0009",3.0000000000000000e+00,4.4299999999999997e+00,"01",1433,
"144ZOIPA","P0000645",57,"MANO0039",1.0000000000000000e+00,7.3499999999999996e+00,"01",1434,
"144ZOIPA","P0000647",58,"MANO0056",4.0000000000000000e+00,3.3300000000000001e+00,"01",1435,
"144ZOIPA","P0000647",58,"MANO0005",4.0000000000000000e+00,3.6099999999999999e+00,"01",1436,
"144ZOIPA","P0000647",58,"MANO0010",1.0000000000000000e+00,3.7500000000000000e+00,"01",1437,
"144ZOIPA","P0000647",58,"MANO0009",3.0000000000000000e+00,4.4299999999999997e+00,"01",1438,
"144ZOIPA","P0000647",58,"MANO0039",1.0000000000000000e+00,7.3499999999999996e+00,"01",1439,
"144ZOIPA","EDF-9004",59,"MANO0056",8.0000000000000000e+00,3.3300000000000001e+00,"01",1440,
"144ZOIPA","EDF-9004",59,"MANO0005",8.0000000000000000e+00,3.6099999999999999e+00,"01",1441,
"144ZOIPA","EDF-9004",59,"MANO0010",4.0000000000000000e+00,3.7500000000000000e+00,"01",1442,
"144ZOIPA","EDF-9004",59,"MANO0009",4.0000000000000000e+00,4.4299999999999997e+00,"01",1443,
"144ZOIPA","EDF-9004",59,"MANO0039",1.0000000000000000e+00,7.3499999999999996e+00,"01",1444,
"144ZOIPA","P0000648",60,"MANO0056",4.0000000000000000e+00,3.3300000000000001e+00,"01",1445,
"144ZOIPA","P0000648",60,"MANO0005",4.0000000000000000e+00,3.6099999999999999e+00,"01",1446,
"144ZOIPA","P0000648",60,"MANO0010",1.0000000000000000e+00,3.7500000000000000e+00,"01",1447,
"144ZOIPA","P0000648",60,"MANO0009",3.0000000000000000e+00,4.4299999999999997e+00,"01",1448,
"144ZOIPA","P0000648",60,"MANO0039",2.5000000000000000e-01,7.3499999999999996e+00,"01",1449,
"144ZOIPA","P0000648",60,"MANO0057",1.0000000000000000e+00,3.7500000000000000e+00,"01",1450,
"144ZOIPA","P0002330",61,"MANO0056",4.0000000000000000e+00,3.3300000000000001e+00,"01",1451,
"144ZOIPA","P0002330",61,"MANO0005",2.0000000000000000e+00,3.6099999999999999e+00,"01",1452,
"144ZOIPA","P0002330",61,"MANO0014",1.0000000000000000e+00,3.7500000000000000e+00,"01",1453,
"144ZOIPA","P0002330",61,"MANO0013",3.0000000000000000e+00,4.4500000000000002e+00,"01",1454,
"144ZOIPA","P0002330",61,"MANO0040",1.0000000000000000e+00,7.3499999999999996e+00,"01",1455,
"144ZOIPA","P0005904",62,"MANO0056",2.0000000000000000e+01,3.3300000000000001e+00,"01",1456,
"144ZOIPA","P0005904",62,"MANO0005",2.4000000000000000e+01,3.6099999999999999e+00,"01",1457,
"144ZOIPA","P0005904",62,"MANO0001",8.0000000000000000e+00,4.4299999999999997e+00,"01",1458,
"144ZOIPA","P0005904",62,"MANO0042",1.0000000000000000e+00,8.3100000000000005e+00,"01",1459,
"144ZOIPA","P0005904",62,"MANO0057",1.0000000000000000e+00,3.7500000000000000e+00,"01",1460,
"144ZOIPA","P0000653",63,"MANO0056",1.4000000000000000e+01,3.3300000000000001e+00,"01",1461,
"144ZOIPA","P0000653",63,"MANO0005",1.4000000000000000e+01,3.6099999999999999e+00,"01",1462,
"144ZOIPA","P0000653",63,"MANO0010",6.0000000000000000e+00,3.7500000000000000e+00,"01",1463,
"144ZOIPA","P0000653",63,"MANO0009",3.0000000000000000e+00,4.4299999999999997e+00,"01",1464,
"144ZOIPA","P0000653",63,"MANO0039",1.0000000000000000e+00,7.3499999999999996e+00,"01",1465,
"144ZOIPA","P0005902",64,"MANO0056",1.5000000000000000e+01,3.3300000000000001e+00,"01",1466,
"144ZOIPA","P0005902",64,"MANO0005",1.5000000000000000e+01,3.6099999999999999e+00,"01",1467,
"144ZOIPA","P0005902",64,"MANO0042",1.0000000000000000e+00,8.3100000000000005e+00,"01",1468,
"144ZOIPA","P0005902",64,"MANO0013",1.0000000000000000e+01,4.4500000000000002e+00,"01",1469,
"144ZOIPA","P0005815",65,"MANO0056",1.3000000000000000e+01,3.3300000000000001e+00,"01",1470,
"144ZOIPA","P0005815",65,"MANO0005",1.3000000000000000e+01,3.6099999999999999e+00,"01",1471,
"144ZOIPA","P0005815",65,"MANO0001",4.0000000000000000e+00,4.4299999999999997e+00,"01",1472,
"144ZOIPA","P0005815",65,"MANO0042",1.0000000000000000e+00,8.3100000000000005e+00,"01",1473,
"144ZOIPA","P0005815",65,"MANO0057",2.0000000000000000e+00,3.7500000000000000e+00,"01",1474,
"144ZOIPA","ESMET02",66,"MANO0070",1.0000000000000000e+00,6.9299999999999997e+00,"01",1475,
"144ZOIPA","ESMET02",66,"MANO0074",2.0000000000000000e+00,6.9299999999999997e+00,"01",1476,
"144ZOIPA","ESMET02",66,"MANO0005",2.0000000000000000e+00,3.6099999999999999e+00,"01",1477,
"144ZOIPA","ESMET02",66,"MANO0042",2.5000000000000000e-01,8.3100000000000005e+00,"01",1478,
"144ZOIPA","ESMET03",67,"MANO0070",1.0000000000000000e+00,6.9299999999999997e+00,"01",1479,
"144ZOIPA","ESMET03",67,"MANO0074",2.0000000000000000e+00,6.9299999999999997e+00,"01",1480,
"144ZOIPA","ESMET03",67,"MANO0005",2.0000000000000000e+00,3.6099999999999999e+00,"01",1481,
"144ZOIPA","ESMET03",67,"MANO0042",2.5000000000000000e-01,8.3100000000000005e+00,"01",1482,
"144ZOIPA","ESMET04",68,"MANO0074",2.0000000000000000e+00,6.9299999999999997e+00,"01",1483,
"144ZOIPA","ESMET04",68,"MANO0070",1.0000000000000000e+00,6.9299999999999997e+00,"01",1484,
"144ZOIPA","ESMET04",68,"MANO0044",2.5000000000000000e-01,7.3499999999999996e+00,"01",1485,
"144ZOIPA","ESMET04",68,"MANO0005",2.0000000000000000e+00,3.6099999999999999e+00,"01",1486,
"144ZOIPA","P0003174",69,"MANO0043",1.0000000000000000e+00,6.9800000000000004e+00,"01",1487,
"144ZOIPA","P0003174",69,"MANO0051",1.0000000000000000e+00,4.0400000000000000e+00,"01",1488,
"144ZOIPA","P0003174",69,"MANO0056",4.0000000000000000e+00,3.3300000000000001e+00,"01",1489,
"144ZOIPA","P0003174",69,"MANO0005",2.0000000000000000e+00,3.6099999999999999e+00,"01",1490,
"144ZOIPA","P0003174",69,"MANO0001",2.0000000000000000e+00,4.4299999999999997e+00,"01",1491,
"144ZOIPA","P0000822",70,"MANO0056",5.0000000000000000e+00,3.3300000000000001e+00,"01",1492,
"144ZOIPA","P0000822",70,"MANO0005",1.0000000000000000e+00,3.6099999999999999e+00,"01",1493,
"144ZOIPA","P0000822",70,"MANO0032",2.0000000000000000e+00,6.9299999999999997e+00,"01",1494,
"144ZOIPA","P0000822",70,"MANO0047",1.0000000000000000e+00,7.3499999999999996e+00,"01",1495,
"144ZOIPA","P0000822",70,"MANO0102",5.0000000000000000e-01,6.9299999999999997e+00,"01",1496,
"144ZOIPA","P0000696",71,"MANO0005",1.0000000000000000e+00,3.6099999999999999e+00,"01",1497,
"144ZOIPA","P0000696",71,"MANO0001",3.0000000000000000e+00,4.4299999999999997e+00,"01",1498,
"144ZOIPA","P0000696",71,"MANO0043",2.5000000000000000e-01,6.9800000000000004e+00,"01",1499,
"144ZOIPA","P0000696",71,"MANO0056",3.0000000000000000e+00,3.3300000000000001e+00,"01",1500,
"144ZOIPA","P0000726",72,"MANO0056",1.4000000000000000e+01,3.3300000000000001e+00,"01",1501,
"144ZOIPA","P0000726",72,"MANO0005",6.0000000000000000e+00,3.6099999999999999e+00,"01",1502,
"144ZOIPA","P0000726",72,"MANO0001",1.0000000000000000e+01,4.4299999999999997e+00,"01",1503,
"144ZOIPA","P0000726",72,"MANO0043",3.0000000000000000e+00,6.9800000000000004e+00,"01",1504,
"144ZOIPA","P0000726",72,"MANO0059",3.0000000000000000e+00,8.0899999999999999e+00,"01",1505,
"144ZOIPA","P0000738",73,"MANO0056",8.0000000000000000e+00,3.3300000000000001e+00,"01",1506,
"144ZOIPA","P0000738",73,"MANO0005",1.0000000000000000e+01,3.6099999999999999e+00,"01",1507,
"144ZOIPA","P0000738",73,"MANO0001",1.0000000000000000e+01,4.4299999999999997e+00,"01",1508,
"144ZOIPA","P0000738",73,"MANO0043",3.0000000000000000e+00,6.9800000000000004e+00,"01",1509,
"144ZOIPA","P0000738",73,"MANO0059",3.0000000000000000e+00,8.0899999999999999e+00,"01",1510,
"144ZOIPA","ALBAÑ27",74,"MANO0056",6.0000000000000000e+00,3.3300000000000001e+00,"01",1511,
"144ZOIPA","ALBAÑ27",74,"MANO0001",6.0000000000000000e+00,4.4299999999999997e+00,"01",1512,
"144ZOIPA","ALBAÑ27",74,"MANO0042",1.0000000000000000e+00,8.3100000000000005e+00,"01",1513,
"144ZOIPA","ALBAÑ28",75,"MANO0056",1.4000000000000000e+01,3.3300000000000001e+00,"01",1514,
"144ZOIPA","ALBAÑ28",75,"MANO0001",8.0000000000000000e+00,4.4299999999999997e+00,"01",1515,
"144ZOIPA","ALBAÑ28",75,"MANO0042",1.0000000000000000e+00,8.3100000000000005e+00,"01",1516,
"144ZOIPA","P0002544",76,"MANO0043",2.5000000000000000e-01,6.9800000000000004e+00,"01",1517,
"144ZOIPA","P0002544",76,"MANO0055",1.0000000000000000e+00,6.9299999999999997e+00,"01",1518,
"144ZOIPA","P0002544",76,"MANO0056",2.0000000000000000e+00,3.3300000000000001e+00,"01",1519,
"144ZOIPA","EDF-0901",77,"MANO0056",2.0000000000000000e+00,3.3300000000000001e+00,"01",1520,
"144ZOIPA","EDF-0901",77,"MANO0043",1.0000000000000000e+00,6.9800000000000004e+00,"01",1521,
"144ZOIPA","EDF-0901",77,"MANO0055",2.0000000000000000e+00,6.9299999999999997e+00,"01",1522,
"144ZOIPA","P0000855",78,"MANO0056",2.0000000000000000e+00,3.3300000000000001e+00,"01",1523,
"144ZOIPA","P0000855",78,"MANO0013",4.0000000000000000e+00,4.4500000000000002e+00,"01",1524,
"144ZOIPA","P0000855",78,"MANO0041",2.5000000000000000e-01,6.9800000000000004e+00,"01",1525,
"144ZOIPA","P0000849",79,"MANO0056",1.0000000000000000e+01,3.3300000000000001e+00,"01",1526,
"144ZOIPA","P0000849",79,"MANO0005",8.0000000000000000e+00,3.6099999999999999e+00,"01",1527,
"144ZOIPA","P0000849",79,"MANO0001",8.0000000000000000e+00,4.4299999999999997e+00,"01",1528,
"144ZOIPA","P0000849",79,"MANO0043",1.0000000000000000e+00,6.9800000000000004e+00,"01",1529,
"144ZOIPA","HERRE18",80,"MANO0005",1.0000000000000000e+01,3.6099999999999999e+00,"01",1530,
"144ZOIPA","HERRE18",80,"MANO0043",1.0000000000000000e+00,6.9800000000000004e+00,"01",1531,
"144ZOIPA","HERRE18",80,"MANO0074",1.5000000000000000e+01,6.9299999999999997e+00,"01",1532,
"144ZOIPA","P0000909",81,"MANO0005",2.0000000000000000e+00,3.6099999999999999e+00,"01",1533,
"144ZOIPA","P0000909",81,"MANO0013",2.0000000000000000e+00,4.4500000000000002e+00,"01",1534,
"144ZOIPA","P0000904",82,"MANO0005",2.0000000000000000e+01,3.6099999999999999e+00,"01",1535,
"144ZOIPA","P0000904",82,"MANO0070",2.0000000000000000e+01,6.9299999999999997e+00,"01",1536,
"144ZOIPA","P0000904",82,"MANO0049",3.0000000000000000e+00,7.3499999999999996e+00,"01",1537,
"144ZOIPA","P0000905",83,"MANO0005",2.0000000000000000e+01,3.6099999999999999e+00,"01",1538,
"144ZOIPA","P0000905",83,"MANO0070",2.0000000000000000e+01,6.9299999999999997e+00,"01",1539,
"144ZOIPA","P0000905",83,"MANO0049",3.0000000000000000e+00,7.3499999999999996e+00,"01",1540,
"144ZOIPA","P0000896",84,"MANO0005",2.0000000000000000e+00,3.6099999999999999e+00,"01",1541,
"144ZOIPA","P0000896",84,"MANO0071",2.0000000000000000e+00,3.7500000000000000e+00,"01",1542,
"144ZOIPA","P0000896",84,"MANO0070",2.0000000000000000e+00,6.9299999999999997e+00,"01",1543,
"144ZOIPA","P0000896",84,"MANO0049",1.0000000000000000e+00,7.3499999999999996e+00,"01",1544,
"144ZOIPA","P0000935",85,"MANO0056",3.0000000000000000e+00,3.3300000000000001e+00,"01",1545,
"144ZOIPA","P0000935",85,"MANO0005",3.0000000000000000e+00,3.6099999999999999e+00,"01",1546,
"144ZOIPA","P0000935",85,"MANO0026",3.0000000000000000e+00,4.4299999999999997e+00,"01",1547,
"144ZOIPA","P0000935",85,"MANO0045",1.0000000000000000e+00,7.3499999999999996e+00,"01",1548,
"144ZOIPA","P0000930",86,"MANO0056",1.0000000000000000e+00,3.3300000000000001e+00,"01",1549,
"144ZOIPA","P0000930",86,"MANO0005",1.0000000000000000e+00,3.6099999999999999e+00,"01",1550,
"144ZOIPA","P0000930",86,"MANO0026",1.0000000000000000e+00,4.4299999999999997e+00,"01",1551,
"144ZOIPA","P0000930",86,"MANO0045",5.0000000000000000e-01,7.3499999999999996e+00,"01",1552,
"144ZOIPA","P0000936",87,"MANO0056",3.0000000000000000e+00,3.3300000000000001e+00,"01",1553,
"144ZOIPA","P0000936",87,"MANO0005",3.0000000000000000e+00,3.6099999999999999e+00,"01",1554,
"144ZOIPA","P0000936",87,"MANO0026",3.0000000000000000e+00,4.4299999999999997e+00,"01",1555,
"144ZOIPA","P0000936",87,"MANO0045",1.0000000000000000e+00,7.3499999999999996e+00,"01",1556,
"144ZOIPA","P0002673",88,"MANO0056",5.0000000000000000e+00,3.3300000000000001e+00,"01",1557,
"144ZOIPA","P0002673",88,"MANO0005",5.0000000000000000e+00,3.6099999999999999e+00,"01",1558,
"144ZOIPA","P0002673",88,"MANO0026",1.0000000000000000e+01,4.4299999999999997e+00,"01",1559,
"144ZOIPA","P0002673",88,"MANO0045",1.0000000000000000e+00,7.3499999999999996e+00,"01",1560,
"144ZOIPA","P0002674",89,"MANO0056",1.0000000000000000e+00,3.3300000000000001e+00,"01",1561,
"144ZOIPA","P0002674",89,"MANO0005",1.0000000000000000e+00,3.6099999999999999e+00,"01",1562,
"144ZOIPA","P0002674",89,"MANO0026",2.0000000000000000e+00,4.4299999999999997e+00,"01",1563,
"144ZOIPA","P0002674",89,"MANO0045",2.5000000000000000e-01,7.3499999999999996e+00,"01",1564,
"144ZOIPA","*CABLE28",90,"MANO0005",2.0000000000000000e+00,3.6099999999999999e+00,"01",1565,
"144ZOIPA","*CABLE28",90,"MANO0045",2.5000000000000000e-01,7.3499999999999996e+00,"01",1566,
"144ZOIPA","*CABLE28",90,"MANO0026",2.0000000000000000e+00,4.4299999999999997e+00,"01",1567,
"144ZOIPA","P0001013",91,"MANO0005",1.0000000000000000e+00,3.6099999999999999e+00,"01",1568,
"144ZOIPA","P0001013",91,"MANO0026",5.0000000000000000e-01,4.4299999999999997e+00,"01",1569,
"144ZOIPA","P0001013",91,"MANO0045",1.0000000000000001e-01,7.3499999999999996e+00,"01",1570,
"144ZOIPA","P0001017",92,"MANO0005",1.0000000000000000e+00,3.6099999999999999e+00,"01",1571,
"144ZOIPA","P0001017",92,"MANO0026",1.0000000000000000e+00,4.4299999999999997e+00,"01",1572,
"144ZOIPA","P0001017",92,"MANO0045",1.0000000000000001e-01,7.3499999999999996e+00,"01",1573,
"144ZOIPA","P0001049",93,"MANO0056",3.0000000000000000e+00,3.3300000000000001e+00,"01",1574,
"144ZOIPA","P0001049",93,"MANO0005",3.0000000000000000e+00,3.6099999999999999e+00,"01",1575,
"144ZOIPA","P0001049",93,"MANO0026",3.0000000000000000e+00,4.4299999999999997e+00,"01",1576,
"144ZOIPA","P0001049",93,"MANO0045",1.0000000000000000e+00,7.3499999999999996e+00,"01",1577,
"144ZOIPA","P0001042",94,"MANO0056",1.0000000000000000e+00,3.3300000000000001e+00,"01",1578,
"144ZOIPA","P0001042",94,"MANO0005",1.0000000000000000e+00,3.6099999999999999e+00,"01",1579,
"144ZOIPA","P0001042",94,"MANO0026",1.0000000000000000e+00,4.4299999999999997e+00,"01",1580,
"144ZOIPA","P0001042",94,"MANO0045",2.5000000000000000e-01,7.3499999999999996e+00,"01",1581,
"144ZOIPA","P0001053",95,"MANO0005",1.0000000000000000e+00,3.6099999999999999e+00,"01",1582,
"144ZOIPA","P0001053",95,"MANO0001",1.0000000000000000e+00,4.4299999999999997e+00,"01",1583,
"144ZOIPA","P0001053",95,"MANO0026",1.0000000000000000e+00,4.4299999999999997e+00,"01",1584,
"144ZOIPA","P0001053",95,"MANO0045",1.0000000000000001e-01,7.3499999999999996e+00,"01",1585,
"144ZOIPA","BREAKER",96,"MANO0005",1.0000000000000000e+00,3.6099999999999999e+00,"01",1586,
"144ZOIPA","BREAKER",96,"MANO0026",1.0000000000000000e+00,4.4299999999999997e+00,"01",1587,
"144ZOIPA","BREAKER",96,"MANO0045",2.5000000000000000e-01,7.3499999999999996e+00,"01",1588,
"144ZOIPA","P0005133",97,"MANO0005",1.0000000000000000e+00,3.6099999999999999e+00,"01",1589,
"144ZOIPA","P0005133",97,"MANO0026",1.0000000000000000e+00,4.4299999999999997e+00,"01",1590,
"144ZOIPA","P0005133",97,"MANO0045",2.5000000000000000e-01,7.3499999999999996e+00,"01",1591,
"144ZOIPA","PAR0942",98,"MANO0005",2.0000000000000000e+00,3.6099999999999999e+00,"01",1592,
"144ZOIPA","PAR0942",98,"MANO0026",2.0000000000000000e+00,4.4299999999999997e+00,"01",1593,
"144ZOIPA","PAR0942",98,"MANO0045",1.0000000000000000e+00,7.3499999999999996e+00,"01",1594,
"144ZOIPA","CAJAMED",99,"MANO0005",2.0000000000000000e+00,3.6099999999999999e+00,"01",1595,
"144ZOIPA","CAJAMED",99,"MANO0045",1.0000000000000000e+00,7.3499999999999996e+00,"01",1596,
"144ZOIPA","CAJAMED",99,"MANO0018",1.0000000000000000e+00,6.9299999999999997e+00,"01",1597,
"144ZOIPA","CAJAMED",99,"MANO0026",2.0000000000000000e+00,4.4299999999999997e+00,"01",1598,
"144ZOIPA","P0005222",100,"MANO0056",2.0000000000000000e+00,3.3300000000000001e+00,"01",1599,
"144ZOIPA","P0005222",100,"MANO0001",1.0000000000000000e+00,4.4299999999999997e+00,"01",1600,
"144ZOIPA","P0005222",100,"MANO0074",1.0000000000000000e+00,6.9299999999999997e+00,"01",1601,
"144ZOIPA","P0005222",100,"MANO0044",2.5000000000000000e-01,7.3499999999999996e+00,"01",1602,
"144ZOIPA","P0001171",101,"MANO0056",1.0000000000000000e+00,3.3300000000000001e+00,"01",1603,
"144ZOIPA","P0001171",101,"MANO0005",1.0000000000000000e+00,3.6099999999999999e+00,"01",1604,
"144ZOIPA","P0001171",101,"MANO0072",1.0000000000000000e+00,4.4299999999999997e+00,"01",1605,
"144ZOIPA","P0001171",101,"MANO0050",2.5000000000000000e-01,7.3499999999999996e+00,"01",1606,
"144ZOIPA","P0001172",102,"MANO0056",1.0000000000000000e+00,3.3300000000000001e+00,"01",1607,
"144ZOIPA","P0001172",102,"MANO0005",1.0000000000000000e+00,3.6099999999999999e+00,"01",1608,
"144ZOIPA","P0001172",102,"MANO0072",1.0000000000000000e+00,4.4299999999999997e+00,"01",1609,
"144ZOIPA","P0001172",102,"MANO0050",2.5000000000000000e-01,7.3499999999999996e+00,"01",1610,
"144ZOIPA","P0001173",103,"MANO0056",1.0000000000000000e+00,3.3300000000000001e+00,"01",1611,
"144ZOIPA","P0001173",103,"MANO0005",1.0000000000000000e+00,3.6099999999999999e+00,"01",1612,
"144ZOIPA","P0001173",103,"MANO0072",1.0000000000000000e+00,4.4299999999999997e+00,"01",1613,
"144ZOIPA","P0001173",103,"MANO0050",2.5000000000000000e-01,7.3499999999999996e+00,"01",1614,
"144ZOIPA","P0001209",104,"MANO0056",1.0000000000000000e+00,3.3300000000000001e+00,"01",1615,
"144ZOIPA","P0001209",104,"MANO0005",1.0000000000000000e+00,3.6099999999999999e+00,"01",1616,
"144ZOIPA","P0001209",104,"MANO0072",1.0000000000000000e+00,4.4299999999999997e+00,"01",1617,
"144ZOIPA","P0001209",104,"MANO0050",2.5000000000000000e-01,7.3499999999999996e+00,"01",1618,
"144ZOIPA","P0001211",105,"MANO0056",1.0000000000000000e+00,3.3300000000000001e+00,"01",1619,
"144ZOIPA","P0001211",105,"MANO0005",1.0000000000000000e+00,3.6099999999999999e+00,"01",1620,
"144ZOIPA","P0001211",105,"MANO0072",1.0000000000000000e+00,4.4299999999999997e+00,"01",1621,
"144ZOIPA","P0001211",105,"MANO0050",2.5000000000000000e-01,7.3499999999999996e+00,"01",1622,
"144ZOIPA","P0003578",106,"MANO0056",2.0000000000000000e+00,3.3300000000000001e+00,"01",1623,
"144ZOIPA","P0003578",106,"MANO0005",1.0000000000000000e+00,3.6099999999999999e+00,"01",1624,
"144ZOIPA","P0003578",106,"MANO0072",1.0000000000000000e+00,4.4299999999999997e+00,"01",1625,
"144ZOIPA","P0003578",106,"MANO0050",2.5000000000000000e-01,7.3499999999999996e+00,"01",1626,
"144ZOIPA","P0003578",106,"MANO0059",1.0000000000000000e+00,8.0899999999999999e+00,"01",1627,
"144ZOIPA","P0001217",107,"MANO0056",1.0000000000000000e+00,3.3300000000000001e+00,"01",1628,
"144ZOIPA","P0001217",107,"MANO0005",1.0000000000000000e+00,3.6099999999999999e+00,"01",1629,
"144ZOIPA","P0001217",107,"MANO0001",2.5000000000000000e-01,4.4299999999999997e+00,"01",1630,
"144ZOIPA","P0001217",107,"MANO0072",1.0000000000000000e+00,4.4299999999999997e+00,"01",1631,
"144ZOIPA","P0001217",107,"MANO0050",2.5000000000000000e-01,7.3499999999999996e+00,"01",1632,
"144ZOIPA","P0001250",108,"MANO0056",1.0000000000000000e+00,3.3300000000000001e+00,"01",1633,
"144ZOIPA","P0001250",108,"MANO0005",1.0000000000000000e+00,3.6099999999999999e+00,"01",1634,
"144ZOIPA","P0001250",108,"MANO0072",1.0000000000000000e+00,4.4299999999999997e+00,"01",1635,
"144ZOIPA","P0001250",108,"MANO0050",2.5000000000000000e-01,7.3499999999999996e+00,"01",1636,
"144ZOIPA","P0001251",109,"MANO0056",1.0000000000000000e+00,3.3300000000000001e+00,"01",1637,
"144ZOIPA","P0001251",109,"MANO0005",1.0000000000000000e+00,3.6099999999999999e+00,"01",1638,
"144ZOIPA","P0001251",109,"MANO0072",1.0000000000000000e+00,4.4299999999999997e+00,"01",1639,
"144ZOIPA","P0001251",109,"MANO0050",2.5000000000000000e-01,7.3499999999999996e+00,"01",1640,
"144ZOIPA","P0002930",110,"MANO0072",1.0000000000000000e+00,4.4299999999999997e+00,"01",1641,
"144ZOIPA","P0002930",110,"MANO0056",2.0000000000000000e+00,3.3300000000000001e+00,"01",1642,
"144ZOIPA","P0005841",111,"MANO0072",2.0000000000000000e+00,4.4299999999999997e+00,"01",1643,
"144ZOIPA","P0005841",111,"MANO0050",5.0000000000000000e-01,7.3499999999999996e+00,"01",1644,
"144ZOIPA","P0005841",111,"MANO0005",2.0000000000000000e+00,3.6099999999999999e+00,"01",1645,
"144ZOIPA","TAPON",112,"MANO0005",2.0000000000000000e+00,3.6099999999999999e+00,"01",1646,
"144ZOIPA","TAPON",112,"MANO0072",2.0000000000000000e+00,4.4299999999999997e+00,"01",1647,
"144ZOIPA","TAPON",112,"MANO0050",5.0000000000000000e-01,7.3499999999999996e+00,"01",1648,
"144ZOIPA","TAPON1",113,"MANO0005",1.0000000000000000e+01,3.6099999999999999e+00,"01",1649,
"144ZOIPA","TAPON1",113,"MANO0072",2.0000000000000000e+00,4.4299999999999997e+00,"01",1650,
"144ZOIPA","TAPON1",113,"MANO0050",5.0000000000000000e-01,7.3499999999999996e+00,"01",1651,
"144ZOIPA","P0001321",114,"MANO0005",6.0000000000000000e+00,3.6099999999999999e+00,"01",1652,
"144ZOIPA","P0001321",114,"MANO0072",1.0000000000000000e+01,4.4299999999999997e+00,"01",1653,
"144ZOIPA","P0001321",114,"MANO0050",1.0000000000000000e+00,7.3499999999999996e+00,"01",1654,
"144ZOIPA","P0002986",115,"MANO0005",1.0000000000000000e+01,3.6099999999999999e+00,"01",1655,
"144ZOIPA","P0002986",115,"MANO0072",1.0000000000000000e+01,4.4299999999999997e+00,"01",1656,
"144ZOIPA","P0002986",115,"MANO0050",3.0000000000000000e+00,7.3499999999999996e+00,"01",1657,
"144ZOIPA","P0001303",116,"MANO0005",1.0000000000000000e+01,3.6099999999999999e+00,"01",1658,
"144ZOIPA","P0001303",116,"MANO0072",1.0000000000000000e+01,4.4299999999999997e+00,"01",1659,
"144ZOIPA","P0001303",116,"MANO0050",2.5000000000000000e-01,7.3499999999999996e+00,"01",1660,
"144ZOIPA","P0001330",117,"MANO0005",1.0000000000000000e+01,3.6099999999999999e+00,"01",1661,
"144ZOIPA","P0001330",117,"MANO0072",1.0000000000000000e+01,4.4299999999999997e+00,"01",1662,
"144ZOIPA","P0001330",117,"MANO0050",1.0000000000000000e+00,7.3499999999999996e+00,"01",1663,
"144ZOIPA","P0005453",118,"MANO0056",1.0000000000000000e+00,3.3300000000000001e+00,"01",1664,
"144ZOIPA","P0005453",118,"MANO0005",1.0000000000000000e+00,3.6099999999999999e+00,"01",1665,
"144ZOIPA","P0005275",119,"MANO0050",2.5000000000000000e-01,7.3499999999999996e+00,"01",1666,
"144ZOIPA","P0005275",119,"MANO0056",2.5000000000000000e-01,3.3300000000000001e+00,"01",1667,
"144ZOIPA","P0005275",119,"MANO0005",1.0000000000000000e+00,3.6099999999999999e+00,"01",1668,
"144ZOIPA","P0005275",119,"MANO0072",1.0000000000000000e+00,4.4299999999999997e+00,"01",1669,
"144ZOIPA","P0005901",120,"MANO0005",1.0000000000000000e+00,3.6099999999999999e+00,"01",1670,
"144ZOIPA","P0005901",120,"MANO0072",1.0000000000000000e+00,4.4299999999999997e+00,"01",1671,
"144ZOIPA","P0005901",120,"MANO0050",2.5000000000000000e-01,7.3499999999999996e+00,"01",1672,
"144ZOIPA","P0003579",121,"MANO0056",8.0000000000000000e+00,3.3300000000000001e+00,"01",1673,
"144ZOIPA","P0003579",121,"MANO0005",4.0000000000000000e+00,3.6099999999999999e+00,"01",1674,
"144ZOIPA","P0003579",121,"MANO0072",2.0000000000000000e+00,4.4299999999999997e+00,"01",1675,
"144ZOIPA","P0003579",121,"MANO0050",2.5000000000000000e-01,7.3499999999999996e+00,"01",1676,
"144ZOIPA","P0003579",121,"MANO0059",1.0000000000000000e+00,8.0899999999999999e+00,"01",1677,
"144ZOIPA","CAJAMED1",122,"MANO0005",1.0000000000000000e+00,3.6099999999999999e+00,"01",1678,
"144ZOIPA","CAJAMED1",122,"MANO0018",2.5000000000000000e-01,6.9299999999999997e+00,"01",1679,
"144ZOIPA","CAJAMED1",122,"MANO0072",1.0000000000000000e+00,4.4299999999999997e+00,"01",1680,
"144ZOIPA","CAJAMED1",122,"MANO0050",5.0000000000000000e-01,7.3499999999999996e+00,"01",1681,
"144ZOIPA","CAJAMED2",123,"MANO0005",4.0000000000000000e+00,3.6099999999999999e+00,"01",1682,
"144ZOIPA","CAJAMED2",123,"MANO0018",5.0000000000000000e-01,6.9299999999999997e+00,"01",1683,
"144ZOIPA","CAJAMED2",123,"MANO0072",2.0000000000000000e+00,4.4299999999999997e+00,"01",1684,
"144ZOIPA","CAJAMED2",123,"MANO0050",5.0000000000000000e-01,7.3499999999999996e+00,"01",1685,
