CodObr,CodPar,NumPar,CodIns,CanIns,CosIns,Deprec,CodFam,Contad,CodAlt
"144ZOIPA","P0000035",1,"EQUI0344",1.0000000000000000e+00,5.6000000000000000e+03,3.0000000000000001e-03,"01",443,
"144ZOIPA","P0000110",2,"EQUI0310",1.0000000000000000e+00,2.5000000000000000e+02,1.0000000000000000e+00,"01",444,
"144ZOIPA","P0003997",3,"EQUI0228",1.0000000000000000e+00,2.0000000000000000e+02,1.0000000000000000e+00,"01",445,
"144ZOIPA","P0003997",3,"EQUI0118",1.0000000000000000e+00,2.0000000000000000e+02,1.0000000000000000e+00,"00",446,
"144ZOIPA","P0005853",4,"*CAMIO03",3.0000000000000000e+00,1.5000000000000000e+05,2.0000000000000000e-03,"01",447,
"144ZOIPA","P0005853",4,"*CAMIO02",1.0000000000000000e+00,6.0000000000000000e+04,2.0000000000000000e-03,"01",448,
"144ZOIPA","P0005853",4,"*COMPAC6",1.0000000000000000e+00,1.5000000000000000e+05,1.5000000000000000e-03,"02",449,
"144ZOIPA","P0005853",4,"EQUI0267",1.0000000000000000e+00,3.0000000000000000e+02,1.0000000000000000e+00,"01",450,
"144ZOIPA","P0005858",5,"*CAMIO03",3.0000000000000000e+00,1.5000000000000000e+05,2.0000000000000000e-03,"01",451,
"144ZOIPA","P0005858",5,"EQUI0059",1.0000000000000000e+00,3.5000000000000000e+02,1.0000000000000000e+00,"00",452,
"144ZOIPA","LAI499",6,"COP038",1.0000000000000000e+00,1.6000000000000000e+02,1.0000000000000000e+00,"00",453,
"144ZOIPA","LAI499",6,"ALB002",2.0000000000000000e+00,3.0000000000000000e+01,3.7999999999999999e-02,"00",454,
"144ZOIPA","OBREX31",7,"*EQUIP05",2.0000000000000000e+00,2.5516000000000000e+02,1.0000000000000000e-02,"01",455,
"144ZOIPA","OBREX31",7,"FIORI",1.0000000000000000e+00,2.5000000000000000e+02,1.0000000000000000e+00,"01",456,
"144ZOIPA","OBREX31",7,"*CARRET1",3.0000000000000000e+00,3.0000000000000000e+01,4.0000000000000001e-03,"01",457,
"144ZOIPA","OBREX31",7,"*VIBRAD1",2.0000000000000000e+00,1.4100599999999999e+03,8.0000000000000002e-03,"01",458,
"144ZOIPA","*ARMRE07",8,"EQUI0042",1.0000000000000000e+00,2.5000000000000000e+02,1.0000000000000000e+00,"00",459,
"144ZOIPA","*ARMRE07",8,"*EQUIP02",1.0000000000000000e+00,1.0855000000000000e+02,3.5000000000000001e-03,"01",460,
"144ZOIPA","P0002329",9,"ALB002",3.0000000000000000e+00,3.0000000000000000e+01,3.7999999999999999e-02,"00",461,
"144ZOIPA","P0002329",9,"*EQUIP04",1.0000000000000000e+00,1.1011500000000001e+03,1.0000000000000000e-02,"01",462,
"144ZOIPA","P0001367",10,"FIORI",1.0000000000000000e+00,2.5000000000000000e+02,1.0000000000000000e+00,"01",463,
"144ZOIPA","P0001367",10,"EQUI0361",1.0000000000000000e+00,1.4100000000000000e+03,8.0000000000000002e-03,"01",464,
"144ZOIPA","P0001367",10,"EQUI0061",2.0000000000000000e+00,8.0000000000000000e+01,3.5000000000000001e-03,"00",465,
"144ZOIPA","P0001367",10,"*EQUIP05",1.0000000000000000e+00,2.5516000000000000e+02,1.0000000000000000e-02,"01",466,
"144ZOIPA","*OBREX33",11,"FIORI",1.0000000000000000e+00,2.5000000000000000e+02,1.0000000000000000e+00,"01",467,
"144ZOIPA","*OBREX33",11,"*VIBRAD1",1.0000000000000000e+00,1.4100599999999999e+03,8.0000000000000002e-03,"01",468,
"144ZOIPA","*OBREX33",11,"*CARRET1",1.0000000000000000e+00,3.0000000000000000e+01,4.0000000000000001e-03,"01",469,
"144ZOIPA","*OBREX33",11,"*EQUIP05",1.0000000000000000e+00,2.5516000000000000e+02,1.0000000000000000e-02,"01",470,
"144ZOIPA","*OBREX30",12,"*CARRET1",3.0000000000000000e+00,3.0000000000000000e+01,4.0000000000000001e-03,"01",471,
"144ZOIPA","*OBREX30",12,"*VIBRAD1",2.0000000000000000e+00,1.4100599999999999e+03,8.0000000000000002e-03,"01",472,
"144ZOIPA","*OBREX30",12,"FIORI",1.0000000000000000e+00,2.5000000000000000e+02,1.0000000000000000e+00,"01",473,
"144ZOIPA","*OBREX30",12,"*EQUIP05",2.0000000000000000e+00,2.5516000000000000e+02,1.0000000000000000e-02,"01",474,
"144ZOIPA","OBREX30",13,"*EQUIP15",1.0000000000000000e+00,1.0140000000000001e+02,1.0000000000000000e-02,"01",475,
"144ZOIPA","LAI490",14,"MED016",1.0000000000000000e+00,2.0000000000000000e+02,1.0000000000000000e+00,"01",476,
"144ZOIPA","P0000164",15,"*EQUIP05",2.0000000000000000e+00,2.5516000000000000e+02,1.0000000000000000e-02,"01",477,
"144ZOIPA","P0000164",15,"EQUI0310",1.0000000000000000e+00,2.5000000000000000e+02,1.0000000000000000e+00,"01",478,
"144ZOIPA","BOTE1",16,"EQUI0035",1.0000000000000000e+00,5.2000000000000000e+04,3.5899999999999999e-03,"01",479,
"144ZOIPA","BOTE1",16,"EQUI0310",1.0000000000000000e+00,2.5000000000000000e+02,1.0000000000000000e+00,"01",480,
"144ZOIPA","LAI499",17,"COP038",1.0000000000000000e+00,1.6000000000000000e+02,1.0000000000000000e+00,"00",481,
"144ZOIPA","LAI499",17,"ALB002",2.0000000000000000e+00,3.0000000000000000e+01,3.7999999999999999e-02,"00",482,
"144ZOIPA","P0001661",18,"EQUI0061",2.0000000000000000e+00,8.0000000000000000e+01,3.5000000000000001e-03,"00",483,
"144ZOIPA","P0001661",18,"EQUI0278",2.0000000000000000e+00,7.3500000000000000e+01,1.0000000000000000e-02,"01",484,
"144ZOIPA","P0001661",18,"EQUI0259",5.0000000000000000e-01,1.5000000000000000e+02,1.0000000000000000e+00,"01",485,
"144ZOIPA","P0001661",18,"EQUI0091",1.0000000000000000e+00,1.2000000000000000e+02,1.0000000000000000e+00,"00",486,
"144ZOIPA","P0002002",19,"EQUI0061",4.0000000000000000e+00,8.0000000000000000e+01,3.5000000000000001e-03,"00",487,
"144ZOIPA","P0002002",19,"EQUI0279",8.0000000000000000e+00,4.0000000000000000e+01,1.0000000000000000e-02,"01",488,
"144ZOIPA","P0002002",19,"EQUI0091",2.0000000000000000e+00,1.2000000000000000e+02,1.0000000000000000e+00,"00",489,
"144ZOIPA","UP333",20,"ALB002",1.0000000000000000e+00,3.0000000000000000e+01,3.7999999999999999e-02,"00",490,
"144ZOIPA","UP333",20,"ALB051",1.0000000000000000e+00,5.9000000000000000e+01,1.0000000000000000e-02,"00",491,
"144ZOIPA","UP333",20,"ALB137",1.0000000000000000e+00,4.0000000000000000e+01,2.1999999999999999e-02,"00",492,
"144ZOIPA","UP333",20,"MED015",1.0000000000000000e+00,1.1000000000000000e+02,2.0000000000000000e-02,"01",493,
"144ZOIPA","UP333",20,"ALB136",1.0000000000000000e+00,2.4000000000000000e+01,1.0000000000000000e-02,"00",494,
"144ZOIPA","UP333",20,"ALB138",1.0000000000000000e+00,3.2000000000000000e+01,1.0000000000000000e-02,"00",495,
"144ZOIPA","UP333",20,"PIN013",1.0000000000000000e+00,1.0000000000000000e+01,7.0000000000000007e-02,"01",496,
"144ZOIPA","UP333",20,"COP078",2.5000000000000000e-01,2.5000000000000000e+02,1.0000000000000000e+00,"00",497,
"144ZOIPA","LAI530",21,"PLO012",1.0000000000000000e+00,1.0000000000000000e+01,1.0000000000000000e+00,"01",498,
"144ZOIPA","LAI530",21,"ALB002",1.0000000000000000e+00,3.0000000000000000e+01,3.7999999999999999e-02,"00",499,
"144ZOIPA","LAI530",21,"COP075",2.5000000000000000e-01,1.3500000000000000e+05,3.1419999999999998e-03,"01",500,
"144ZOIPA","P0004769",22,"FIORI",2.5000000000000000e-01,2.5000000000000000e+02,1.0000000000000000e+00,"01",501,
"144ZOIPA","P0004769",22,"EQUI0259",1.0000000000000000e+00,1.5000000000000000e+02,1.0000000000000000e+00,"01",502,
"144ZOIPA","P0005722",23,"COP075",1.0000000000000000e+00,1.3500000000000000e+05,3.1419999999999998e-03,"01",503,
"144ZOIPA","P0005722",23,"COP078",5.0000000000000000e-01,2.5000000000000000e+02,1.0000000000000000e+00,"00",504,
"144ZOIPA","P0005722",23,"EQUI0061",1.0000000000000000e+00,8.0000000000000000e+01,3.5000000000000001e-03,"00",505,
"144ZOIPA","P0003198",24,"COP078",5.0000000000000000e-01,2.5000000000000000e+02,1.0000000000000000e+00,"00",506,
"144ZOIPA","P0003198",24,"EQUI0061",1.0000000000000000e+00,8.0000000000000000e+01,3.5000000000000001e-03,"00",507,
"144ZOIPA","P0004757",25,"EQUI0061",2.0000000000000000e+00,8.0000000000000000e+01,3.5000000000000001e-03,"00",508,
"144ZOIPA","P0004757",25,"*EQUIP05",1.0000000000000000e+00,2.5516000000000000e+02,1.0000000000000000e-02,"01",509,
"144ZOIPA","LAI531",26,"MED016",1.0000000000000000e+00,2.0000000000000000e+02,1.0000000000000000e+00,"01",510,
"144ZOIPA","P0000164",27,"*EQUIP05",2.0000000000000000e+00,2.5516000000000000e+02,1.0000000000000000e-02,"01",511,
"144ZOIPA","P0000164",27,"EQUI0310",1.0000000000000000e+00,2.5000000000000000e+02,1.0000000000000000e+00,"01",512,
"144ZOIPA","P0000173",28,"EQUI0061",4.0000000000000000e+00,8.0000000000000000e+01,3.5000000000000001e-03,"00",513,
"144ZOIPA","P0000173",28,"EQUI0091",2.0000000000000000e+00,1.2000000000000000e+02,1.0000000000000000e+00,"00",514,
"144ZOIPA","P0003576",29,"PLO012",1.0000000000000000e+00,1.0000000000000000e+01,1.0000000000000000e+00,"01",515,
"144ZOIPA","P0003606",30,"PLO012",1.0000000000000000e+00,1.0000000000000000e+01,1.0000000000000000e+00,"01",516,
"144ZOIPA","P0003641",31,"PLO012",1.0000000000000000e+00,1.0000000000000000e+01,1.0000000000000000e+00,"01",517,
"144ZOIPA","LIC006",32,"PLO012",1.0000000000000000e+00,1.0000000000000000e+01,1.0000000000000000e+00,"01",518,
"144ZOIPA","P0005861",33,"EQUI0042",1.0000000000000001e-01,2.5000000000000000e+02,1.0000000000000000e+00,"00",519,
"144ZOIPA","P0005861",33,"EQUI0164",1.0000000000000000e+00,7.6000000000000000e+03,4.7900000000000000e-03,"01",520,
"144ZOIPA","P0005862",34,"EQUI0201",5.0000000000000000e-01,1.5000000000000000e+05,2.0000000000000000e-03,"01",521,
"144ZOIPA","P0005862",34,"EQUI0164",1.0000000000000000e+00,7.6000000000000000e+03,4.7900000000000000e-03,"01",522,
"144ZOIPA","P0005896",35,"EQUI0042",1.0000000000000000e+00,2.5000000000000000e+02,1.0000000000000000e+00,"00",523,
"144ZOIPA","P0005896",35,"EQUI0164",1.0000000000000000e+00,7.6000000000000000e+03,4.7900000000000000e-03,"01",524,
"144ZOIPA","ESTRUC27",36,"EQUI0201",1.0000000000000000e+00,1.5000000000000000e+05,2.0000000000000000e-03,"01",525,
"144ZOIPA","ESTRUC27",36,"EQUI0164",1.0000000000000000e+00,7.6000000000000000e+03,4.7900000000000000e-03,"01",526,
"144ZOIPA","P0005864",37,"EQUI0031",1.0000000000000001e-01,1.2000000000000000e+02,1.0000000000000000e+00,"00",527,
"144ZOIPA","P0005864",37,"EQUI0164",1.0000000000000000e+00,7.6000000000000000e+03,4.7900000000000000e-03,"01",528,
"144ZOIPA","P0005865",38,"EQUI0031",1.0000000000000001e-01,1.2000000000000000e+02,1.0000000000000000e+00,"00",529,
"144ZOIPA","P0005865",38,"EQUI0164",1.0000000000000000e+00,7.6000000000000000e+03,4.7900000000000000e-03,"01",530,
"144ZOIPA","P0005866",39,"EQUI0031",1.0000000000000001e-01,1.2000000000000000e+02,1.0000000000000000e+00,"00",531,
"144ZOIPA","P0005866",39,"EQUI0164",5.0000000000000000e-01,7.6000000000000000e+03,4.7900000000000000e-03,"01",532,
"144ZOIPA","P0005868",40,"EQUI0042",1.0000000000000000e+00,2.5000000000000000e+02,1.0000000000000000e+00,"00",533,
"144ZOIPA","P0005868",40,"EQUI0164",2.5000000000000000e-01,7.6000000000000000e+03,4.7900000000000000e-03,"01",534,
"144ZOIPA","P0005872",41,"*EQUIP10",1.0000000000000000e+00,7.6000000000000000e+03,4.7900000000000000e-03,"01",535,
"144ZOIPA","CALBRE3",42,"EQUI0164",2.0000000000000000e+00,7.6000000000000000e+03,4.7900000000000000e-03,"01",536,
"144ZOIPA","TEGDG",43,"EQUI0164",1.0000000000000000e+00,7.6000000000000000e+03,4.7900000000000000e-03,"01",537,
"144ZOIPA","FEFF",44,"EQUI0031",1.0000000000000001e-01,1.2000000000000000e+02,1.0000000000000000e+00,"00",538,
"144ZOIPA","FEFF",44,"EQUI0164",1.0000000000000000e+00,7.6000000000000000e+03,4.7900000000000000e-03,"01",539,
"144ZOIPA","P0005888",45,"*EQUIP04",1.0000000000000000e+00,1.1011500000000001e+03,1.0000000000000000e-02,"01",540,
"144ZOIPA","P0005893",46,"EQUI0051",1.0000000000000001e-01,1.2000000000000000e+02,1.0000000000000000e+00,"00",541,
"144ZOIPA","P0005894",47,"EQUI0031",1.0000000000000000e+00,1.2000000000000000e+02,1.0000000000000000e+00,"00",542,
"144ZOIPA","P0005894",47,"EQUI0164",1.0000000000000000e+00,7.6000000000000000e+03,4.7900000000000000e-03,"01",543,
"144ZOIPA","P0005895",48,"EQUI0031",2.0000000000000001e-01,1.2000000000000000e+02,1.0000000000000000e+00,"00",544,
"144ZOIPA","P0005895",48,"EQUI0164",2.0000000000000000e+00,7.6000000000000000e+03,4.7900000000000000e-03,"01",545,
"144ZOIPA","P0003897",49,"EQUI0600",1.0000000000000000e+00,2.0000000000000000e+01,1.0000000000000000e+00,"01",546,
"144ZOIPA","P0003897",49,"EQUI0031",1.0000000000000001e-01,1.2000000000000000e+02,1.0000000000000000e+00,"00",547,
"144ZOIPA","P0003898",50,"EQUI0031",1.0000000000000001e-01,1.2000000000000000e+02,1.0000000000000000e+00,"00",548,
"144ZOIPA","P0003898",50,"EQUI0600",1.0000000000000000e+00,2.0000000000000000e+01,1.0000000000000000e+00,"01",549,
"144ZOIPA","P0003820",51,"EQUI0164",1.0000000000000000e+00,7.6000000000000000e+03,4.7900000000000000e-03,"01",550,
"144ZOIPA","P0003821",52,"EQUI0164",1.0000000000000000e+00,7.6000000000000000e+03,4.7900000000000000e-03,"01",551,
"144ZOIPA","P0005708",53,"EQUI0031",1.0000000000000001e-01,1.2000000000000000e+02,1.0000000000000000e+00,"00",552,
"144ZOIPA","P0005708",53,"EQUI0164",1.0000000000000000e+00,7.6000000000000000e+03,4.7900000000000000e-03,"01",553,
"144ZOIPA","P0000160",54,"EQUI0310",2.0000000000000000e+00,2.5000000000000000e+02,1.0000000000000000e+00,"01",554,
"144ZOIPA","P0000160",54,"*EQUIP05",2.0000000000000000e+00,2.5516000000000000e+02,1.0000000000000000e-02,"01",555,
"144ZOIPA","P0000147",55,"*EQUIP05",1.0000000000000000e+01,2.5516000000000000e+02,1.0000000000000000e-02,"01",556,
"144ZOIPA","P0000176",56,"EQUI0061",2.0000000000000000e+00,8.0000000000000000e+01,3.5000000000000001e-03,"00",557,
"144ZOIPA","P0000176",56,"EQUI0259",1.0000000000000000e+00,1.5000000000000000e+02,1.0000000000000000e+00,"01",558,
"144ZOIPA","P0000645",57,"EQUI0124",1.0000000000000000e+00,1.0000000000000000e+02,1.0000000000000000e+00,"01",559,
"144ZOIPA","P0000645",57,"EQUI0109",1.0000000000000000e+00,1.0000000000000000e+02,1.0000000000000000e+00,"01",560,
"144ZOIPA","P0000645",57,"*EQUIP02",4.0000000000000000e+00,1.0855000000000000e+02,3.5000000000000001e-03,"01",561,
"144ZOIPA","P0000647",58,"EQUI0124",1.0000000000000000e+00,1.0000000000000000e+02,1.0000000000000000e+00,"01",562,
"144ZOIPA","P0000647",58,"EQUI0109",1.0000000000000000e+00,1.0000000000000000e+02,1.0000000000000000e+00,"01",563,
"144ZOIPA","P0000647",58,"*EQUIP02",4.0000000000000000e+00,1.0855000000000000e+02,3.5000000000000001e-03,"01",564,
"144ZOIPA","EDF-9004",59,"EQUI0124",1.0000000000000000e+00,1.0000000000000000e+02,1.0000000000000000e+00,"01",565,
"144ZOIPA","EDF-9004",59,"*EQUIP02",1.0000000000000000e+00,1.0855000000000000e+02,3.5000000000000001e-03,"01",566,
"144ZOIPA","P0000648",60,"EQUI0259",1.0000000000000000e+00,1.5000000000000000e+02,1.0000000000000000e+00,"01",567,
"144ZOIPA","P0000648",60,"*EQUIP02",4.0000000000000000e+00,1.0855000000000000e+02,3.5000000000000001e-03,"01",568,
"144ZOIPA","P0002330",61,"EQUI0007",2.0000000000000000e+00,6.0000000000000000e+01,1.0000000000000000e+00,"01",569,
"144ZOIPA","P0002330",61,"EQUI0063",1.0000000000000000e+00,1.9000000000000000e+02,5.0000000000000001e-03,"00",570,
"144ZOIPA","P0002330",61,"EQUI0068",1.0000000000000000e+00,1.5000000000000000e+01,1.2000000000000000e-02,"00",571,
"144ZOIPA","P0002330",61,"EQUI0326",3.3000000000000002e-01,5.0000000000000000e+02,2.5000000000000001e-03,"01",572,
"144ZOIPA","P0002330",61,"EQUI0073",3.0000000000000000e+00,3.0000000000000000e+01,1.0000000000000000e-02,"01",573,
"144ZOIPA","P0002330",61,"EQUI0275",2.0000000000000000e+00,8.0000000000000000e+01,1.0000000000000000e-02,"01",574,
"144ZOIPA","P0002330",61,"EQUI0177",2.0000000000000000e+00,1.0000000000000000e+02,1.0000000000000000e-02,"00",575,
"144ZOIPA","P0002330",61,"EQUI0253",2.0000000000000000e+00,4.0000000000000000e+01,1.0000000000000000e-02,"01",576,
"144ZOIPA","P0002330",61,"EQUI0322",2.0000000000000000e+00,5.0000000000000000e+01,1.0000000000000000e-02,"01",577,
"144ZOIPA","P0002330",61,"EQUI0015",2.0000000000000000e+00,6.0000000000000000e+01,1.0000000000000000e-02,"01",578,
"144ZOIPA","P0005904",62,"BOMCON",1.0000000000000000e+00,1.5000000000000000e+05,2.0000000000000000e-03,"00",579,
"144ZOIPA","P0005904",62,"FIORI",1.0000000000000000e+00,2.5000000000000000e+02,1.0000000000000000e+00,"01",580,
"144ZOIPA","P0005904",62,"EQUI0063",4.0000000000000000e+00,1.9000000000000000e+02,5.0000000000000001e-03,"00",581,
"144ZOIPA","P0005904",62,"EQUI0116",2.0000000000000000e+00,7.0120000000000005e+01,1.0000000000000000e-02,"00",582,
"144ZOIPA","P0005904",62,"EQUI0279",3.0000000000000000e+00,4.0000000000000000e+01,1.0000000000000000e-02,"01",583,
"144ZOIPA","P0005904",62,"EQUI0362",2.0000000000000000e+00,1.2000000000000000e+03,4.0000000000000001e-03,"01",584,
"144ZOIPA","P0000653",63,"EQUI0201",5.0000000000000000e-01,1.5000000000000000e+05,2.0000000000000000e-03,"01",585,
"144ZOIPA","P0000653",63,"*EQUIP02",6.0000000000000000e+00,1.0855000000000000e+02,3.5000000000000001e-03,"01",586,
"144ZOIPA","P0005902",64,"EQUI0042",1.0000000000000000e+00,2.5000000000000000e+02,1.0000000000000000e+00,"00",587,
"144ZOIPA","P0005902",64,"ENCOFRAD",1.0000000000000000e+00,5.0000000000000000e+05,6.7000000000000002e-03,"01",588,
"144ZOIPA","P0005902",64,"EQUI0275",2.0000000000000000e+00,8.0000000000000000e+01,1.0000000000000000e-02,"01",589,
"144ZOIPA","P0005902",64,"EQUI0177",2.0000000000000000e+00,1.0000000000000000e+02,1.0000000000000000e-02,"00",590,
"144ZOIPA","P0005902",64,"EQUI0253",2.0000000000000000e+00,4.0000000000000000e+01,1.0000000000000000e-02,"01",591,
"144ZOIPA","P0005902",64,"EQUI0005",4.0000000000000000e+00,7.4461400000000003e+03,5.0000000000000001e-03,"01",592,
"144ZOIPA","P0005815",65,"FIORI",2.0000000000000000e+00,2.5000000000000000e+02,1.0000000000000000e+00,"01",593,
"144ZOIPA","P0005815",65,"BOMCON",1.0000000000000000e+00,1.5000000000000000e+05,2.0000000000000000e-03,"00",594,
"144ZOIPA","P0005815",65,"EQUI0063",4.0000000000000000e+00,1.9000000000000000e+02,5.0000000000000001e-03,"00",595,
"144ZOIPA","P0005815",65,"EQUI0116",2.0000000000000000e+00,7.0120000000000005e+01,1.0000000000000000e-02,"00",596,
"144ZOIPA","P0005815",65,"EQUI0279",3.0000000000000000e+00,4.0000000000000000e+01,1.0000000000000000e-02,"01",597,
"144ZOIPA","P0005815",65,"EQUI0362",2.0000000000000000e+00,1.2000000000000000e+03,4.0000000000000001e-03,"01",598,
"144ZOIPA","ESMET02",66,"EQUI0042",1.0000000000000000e+00,2.5000000000000000e+02,1.0000000000000000e+00,"00",599,
"144ZOIPA","ESMET02",66,"*EQUIP20",1.0000000000000000e+00,1.5000000000000000e+04,3.0000000000000001e-03,"02",600,
"144ZOIPA","ESMET03",67,"EQUI0042",1.0000000000000000e+00,2.5000000000000000e+02,1.0000000000000000e+00,"00",601,
"144ZOIPA","ESMET03",67,"*EQUIP20",1.0000000000000000e+00,1.5000000000000000e+04,3.0000000000000001e-03,"02",602,
"144ZOIPA","ESMET04",68,"EQUI0042",1.0000000000000000e+00,2.5000000000000000e+02,1.0000000000000000e+00,"00",603,
"144ZOIPA","ESMET04",68,"*EQUIP20",1.0000000000000000e+00,1.5000000000000000e+04,3.0000000000000001e-03,"02",604,
"144ZOIPA","P0003174",69,"FIORI",1.0000000000000000e+00,2.5000000000000000e+02,1.0000000000000000e+00,"01",605,
"144ZOIPA","P0003174",69,"BOMCON",1.0000000000000000e+00,1.5000000000000000e+05,2.0000000000000000e-03,"00",606,
"144ZOIPA","P0003174",69,"EQUI0061",2.0000000000000000e+00,8.0000000000000000e+01,3.5000000000000001e-03,"00",607,
"144ZOIPA","P0003174",69,"EQUI0069",2.0000000000000000e+00,4.1180000000000000e+01,1.0000000000000000e-02,"00",608,
"144ZOIPA","P0003174",69,"EQUI0279",5.0000000000000000e+00,4.0000000000000000e+01,1.0000000000000000e-02,"01",609,
"144ZOIPA","P0000822",70,"EQUI0600",2.0000000000000000e+00,2.0000000000000000e+01,1.0000000000000000e+00,"01",610,
"144ZOIPA","P0000696",71,"*EQUIP05",4.0000000000000000e+00,2.5516000000000000e+02,1.0000000000000000e-02,"01",611,
"144ZOIPA","P0000726",72,"EQUI0007",5.0000000000000000e+00,6.0000000000000000e+01,1.0000000000000000e+00,"01",612,
"144ZOIPA","P0000726",72,"COP078",3.0000000000000000e+00,2.5000000000000000e+02,1.0000000000000000e+00,"00",613,
"144ZOIPA","P0000726",72,"ALB026",1.0000000000000000e+01,1.0000000000000000e+01,6.7000000000000004e-02,"00",614,
"144ZOIPA","P0000738",73,"EQUI0005",1.0000000000000000e+01,7.4461400000000003e+03,5.0000000000000001e-03,"01",615,
"144ZOIPA","P0000738",73,"COP078",3.0000000000000000e+00,2.5000000000000000e+02,1.0000000000000000e+00,"00",616,
"144ZOIPA","P0000738",73,"*EQUIP05",1.0000000000000000e+01,2.5516000000000000e+02,1.0000000000000000e-02,"01",617,
"144ZOIPA","ALBAÑ27",74,"*EQUIP05",1.0000000000000000e+00,2.5516000000000000e+02,1.0000000000000000e-02,"01",618,
"144ZOIPA","ALBAÑ27",74,"*EQUIP06",1.0000000000000000e+00,5.9100000000000001e+01,2.0000000000000000e-03,"01",619,
"144ZOIPA","ALBAÑ28",75,"*EQUIP05",1.0000000000000000e+00,2.5516000000000000e+02,1.0000000000000000e-02,"01",620,
"144ZOIPA","ALBAÑ28",75,"*EQUIP06",1.0000000000000000e+00,5.9100000000000001e+01,2.0000000000000000e-03,"01",621,
"144ZOIPA","ALBAÑ28",75,"EQUI0366",1.0000000000000000e+00,6.3000000000000000e+04,2.5000000000000001e-03,"01",622,
"144ZOIPA","ALBAÑ28",75,"FIORI",1.0000000000000000e+00,2.5000000000000000e+02,1.0000000000000000e+00,"01",623,
"144ZOIPA","P0002544",76,"EQUI0253",1.0000000000000000e+00,4.0000000000000000e+01,1.0000000000000000e-02,"01",624,
"144ZOIPA","P0002544",76,"EQUI0335",1.0000000000000000e+00,3.4000000000000000e+02,1.0000000000000000e-02,"01",625,
"144ZOIPA","P0002544",76,"EQUI0181",1.0000000000000000e+00,4.5000000000000000e+02,3.5000000000000001e-03,"00",626,
"144ZOIPA","P0002544",76,"EQUI0073",1.0000000000000000e+00,3.0000000000000000e+01,1.0000000000000000e-02,"01",627,
"144ZOIPA","P0002544",76,"EQUI0275",1.0000000000000000e+00,8.0000000000000000e+01,1.0000000000000000e-02,"01",628,
"144ZOIPA","EDF-0901",77,"*EQUIP05",2.0000000000000000e+00,2.5516000000000000e+02,1.0000000000000000e-02,"01",629,
"144ZOIPA","P0000855",78,"EQUI0335",1.0000000000000000e+00,3.4000000000000000e+02,1.0000000000000000e-02,"01",630,
"144ZOIPA","P0000855",78,"*EQUIP04",4.0000000000000000e+00,1.1011500000000001e+03,1.0000000000000000e-02,"01",631,
"144ZOIPA","P0000849",79,"EQUI0335",1.0000000000000000e+00,3.4000000000000000e+02,1.0000000000000000e-02,"01",632,
"144ZOIPA","P0000849",79,"*EQUIP05",8.0000000000000000e+00,2.5516000000000000e+02,1.0000000000000000e-02,"01",633,
"144ZOIPA","HERRE18",80,"EQUI0143",4.0000000000000000e+00,2.6500000000000000e+03,3.5000000000000001e-03,"00",634,
"144ZOIPA","P0000909",81,"EQUI0335",1.0000000000000000e+00,3.4000000000000000e+02,1.0000000000000000e-02,"01",635,
"144ZOIPA","P0000909",81,"*EQUIP04",1.0000000000000000e+00,1.1011500000000001e+03,1.0000000000000000e-02,"01",636,
"144ZOIPA","P0000904",82,"EQUI0600",1.0000000000000000e+01,2.0000000000000000e+01,1.0000000000000000e+00,"01",637,
"144ZOIPA","P0000905",83,"EQUI0600",1.0000000000000000e+01,2.0000000000000000e+01,1.0000000000000000e+00,"01",638,
"144ZOIPA","P0000896",84,"EQUI0600",4.0000000000000000e+00,2.0000000000000000e+01,1.0000000000000000e+00,"01",639,
"144ZOIPA","P0000935",85,"EQUI0164",5.0000000000000000e-01,7.6000000000000000e+03,4.7900000000000000e-03,"01",640,
"144ZOIPA","P0000930",86,"EQUI0164",1.0000000000000000e+00,7.6000000000000000e+03,4.7900000000000000e-03,"01",641,
"144ZOIPA","P0000936",87,"EQUI0164",5.0000000000000000e-01,7.6000000000000000e+03,4.7900000000000000e-03,"01",642,
"144ZOIPA","P0002673",88,"EQUI0078",1.0000000000000000e+00,3.0037000000000000e+02,5.0000000000000001e-03,"00",643,
"144ZOIPA","P0002673",88,"EQUI0175",2.0000000000000000e+00,2.9272000000000003e+02,5.0000000000000001e-03,"00",644,
"144ZOIPA","P0002673",88,"EQUI0217",1.0000000000000000e+00,2.1361000000000001e+02,1.0000000000000000e-02,"01",645,
"144ZOIPA","P0002673",88,"EQUI0285",2.0000000000000000e+00,4.8969999999999999e+01,1.0000000000000000e-02,"01",646,
"144ZOIPA","P0002674",89,"EQUI0078",1.0000000000000000e+00,3.0037000000000000e+02,5.0000000000000001e-03,"00",647,
"144ZOIPA","P0002674",89,"EQUI0175",2.0000000000000000e+00,2.9272000000000003e+02,5.0000000000000001e-03,"00",648,
"144ZOIPA","P0002674",89,"EQUI0217",1.0000000000000000e+00,2.1361000000000001e+02,1.0000000000000000e-02,"01",649,
"144ZOIPA","P0002674",89,"EQUI0285",2.0000000000000000e+00,4.8969999999999999e+01,1.0000000000000000e-02,"01",650,
"144ZOIPA","*CABLE28",90,"*EQUIP10",1.0000000000000000e+00,7.6000000000000000e+03,4.7900000000000000e-03,"01",651,
"144ZOIPA","P0001013",91,"EQUI0164",2.5000000000000000e-01,7.6000000000000000e+03,4.7900000000000000e-03,"01",652,
"144ZOIPA","P0001017",92,"EQUI0164",2.5000000000000000e-01,7.6000000000000000e+03,4.7900000000000000e-03,"01",653,
"144ZOIPA","P0001049",93,"EQUI0164",1.0000000000000001e-01,7.6000000000000000e+03,4.7900000000000000e-03,"01",654,
"144ZOIPA","P0001042",94,"EQUI0164",1.0000000000000001e-01,7.6000000000000000e+03,4.7900000000000000e-03,"01",655,
"144ZOIPA","P0001053",95,"EQUI0164",2.0000000000000001e-01,7.6000000000000000e+03,4.7900000000000000e-03,"01",656,
"144ZOIPA","BREAKER",96,"EQUI0164",1.0000000000000000e+00,7.6000000000000000e+03,4.7900000000000000e-03,"01",657,
"144ZOIPA","P0005133",97,"EQUI0164",1.0000000000000000e+00,7.6000000000000000e+03,4.7900000000000000e-03,"01",658,
"144ZOIPA","PAR0942",98,"EQUI0164",1.0000000000000000e+00,7.6000000000000000e+03,4.7900000000000000e-03,"01",659,
"144ZOIPA","CAJAMED",99,"COP075",1.0000000000000000e+00,1.3500000000000000e+05,3.1419999999999998e-03,"01",660,
"144ZOIPA","CAJAMED",99,"EQUI0164",2.0000000000000000e+00,7.6000000000000000e+03,4.7900000000000000e-03,"01",661,
"144ZOIPA","P0005222",100,"EQUI0114",1.0000000000000000e+00,7.8328699999999999e+03,1.0000000000000000e-02,"01",662,
"144ZOIPA","P0005222",100,"EQUI0203",1.0000000000000000e+00,3.3079999999999998e+01,1.0000000000000000e-02,"01",663,
"144ZOIPA","P0005222",100,"EQUI0053",1.0000000000000000e+00,1.2000000000000000e+02,1.0000000000000000e-02,"00",664,
"144ZOIPA","P0005222",100,"EQUI0173",1.0000000000000000e+00,5.7854999999999995e+02,1.0000000000000000e-02,"01",665,
"144ZOIPA","P0005222",100,"EQUI0342",1.0000000000000000e+00,2.5000000000000000e+01,1.0000000000000000e-02,"01",666,
"144ZOIPA","P0005222",100,"EQUI0142",1.0000000000000000e+00,9.9980000000000004e+01,1.0000000000000000e+00,"00",667,
"144ZOIPA","P0005222",100,"EQUI0138",1.0000000000000000e+00,3.2225999999999999e+02,8.3599999999999994e-02,"00",668,
"144ZOIPA","P0001171",101,"EQUI0020",1.0000000000000000e+00,2.6315999999999999e+03,1.0000000000000000e-02,"01",669,
"144ZOIPA","P0001172",102,"PLO012",2.0000000000000000e+00,1.0000000000000000e+01,1.0000000000000000e+00,"01",670,
"144ZOIPA","P0001173",103,"PLO012",3.0000000000000000e+00,1.0000000000000000e+01,1.0000000000000000e+00,"01",671,
"144ZOIPA","P0001209",104,"PLO012",2.5000000000000000e-01,1.0000000000000000e+01,1.0000000000000000e+00,"01",672,
"144ZOIPA","P0001211",105,"PLO012",2.9999999999999999e-01,1.0000000000000000e+01,1.0000000000000000e+00,"01",673,
"144ZOIPA","P0003578",106,"EQUI0019",1.0000000000000000e+00,1.3252000000000001e+02,1.0000000000000000e+00,"01",674,
"144ZOIPA","P0003578",106,"EQUI0073",1.0000000000000000e+00,3.0000000000000000e+01,1.0000000000000000e-02,"01",675,
"144ZOIPA","P0003578",106,"EQUI0275",1.0000000000000000e+00,8.0000000000000000e+01,1.0000000000000000e-02,"01",676,
"144ZOIPA","P0003578",106,"EQUI0318",1.0000000000000000e+00,6.6780000000000001e+01,1.0000000000000000e-02,"01",677,
"144ZOIPA","P0003578",106,"EQUI0310",1.0000000000000000e+00,2.5000000000000000e+02,1.0000000000000000e+00,"01",678,
"144ZOIPA","P0001217",107,"PLO012",2.9999999999999999e-01,1.0000000000000000e+01,1.0000000000000000e+00,"01",679,
"144ZOIPA","P0001250",108,"PLO012",2.9999999999999999e-01,1.0000000000000000e+01,1.0000000000000000e+00,"01",680,
"144ZOIPA","P0001251",109,"PLO012",2.9999999999999999e-01,1.0000000000000000e+01,1.0000000000000000e+00,"01",681,
"144ZOIPA","P0002930",110,"EQUIP",1.0000000000000000e+00,1.5000000000000000e+02,1.0000000000000000e+00,"01",682,
"144ZOIPA","P0005841",111,"EQUI0073",1.0000000000000000e+00,3.0000000000000000e+01,1.0000000000000000e-02,"01",683,
"144ZOIPA","P0005841",111,"EQUI0116",1.0000000000000000e+00,7.0120000000000005e+01,1.0000000000000000e-02,"00",684,
"144ZOIPA","P0005841",111,"EQUI0351",1.0000000000000000e+00,1.1250000000000000e+01,1.0000000000000000e-02,"01",685,
"144ZOIPA","TAPON",112,"EQUI0073",1.0000000000000000e+00,3.0000000000000000e+01,1.0000000000000000e-02,"01",686,
"144ZOIPA","TAPON",112,"EQUI0116",1.0000000000000000e+00,7.0120000000000005e+01,1.0000000000000000e-02,"00",687,
"144ZOIPA","TAPON",112,"EQUI0351",1.0000000000000000e+00,1.1250000000000000e+01,1.0000000000000000e-02,"01",688,
"144ZOIPA","TAPON1",113,"EQUI0073",1.0000000000000000e+00,3.0000000000000000e+01,1.0000000000000000e-02,"01",689,
"144ZOIPA","TAPON1",113,"EQUI0116",1.0000000000000000e+00,7.0120000000000005e+01,1.0000000000000000e-02,"00",690,
"144ZOIPA","TAPON1",113,"EQUI0351",1.0000000000000000e+00,1.1250000000000000e+01,1.0000000000000000e-02,"01",691,
"144ZOIPA","P0001321",114,"PLO012",2.0000000000000001e-01,1.0000000000000000e+01,1.0000000000000000e+00,"01",692,
"144ZOIPA","P0002986",115,"EQUI0061",3.0000000000000000e+00,8.0000000000000000e+01,3.5000000000000001e-03,"00",693,
"144ZOIPA","P0002986",115,"EQUI0114",3.0000000000000000e+00,7.8328699999999999e+03,1.0000000000000000e-02,"01",694,
"144ZOIPA","P0002986",115,"EQUI0233",6.0000000000000000e+00,3.0000000000000000e+01,1.0000000000000000e-02,"01",695,
"144ZOIPA","P0002986",115,"EQUI0335",3.0000000000000000e+00,3.4000000000000000e+02,1.0000000000000000e-02,"01",696,
"144ZOIPA","P0002986",115,"EQUI0073",3.0000000000000000e+00,3.0000000000000000e+01,1.0000000000000000e-02,"01",697,
"144ZOIPA","P0002986",115,"EQUI0275",3.0000000000000000e+00,8.0000000000000000e+01,1.0000000000000000e-02,"01",698,
"144ZOIPA","P0002986",115,"EQUI0116",3.0000000000000000e+00,7.0120000000000005e+01,1.0000000000000000e-02,"00",699,
"144ZOIPA","P0002986",115,"EQUI0351",3.0000000000000000e+00,1.1250000000000000e+01,1.0000000000000000e-02,"01",700,
"144ZOIPA","P0001303",116,"PLO012",2.9999999999999999e-01,1.0000000000000000e+01,1.0000000000000000e+00,"01",701,
"144ZOIPA","P0001330",117,"PLO012",3.0000000000000000e+00,1.0000000000000000e+01,1.0000000000000000e+00,"01",702,
"144ZOIPA","P0005453",118,"EQUI0164",1.0000000000000000e+00,7.6000000000000000e+03,4.7900000000000000e-03,"01",703,
"144ZOIPA","P0005275",119,"EQUI0165",1.0000000000000000e+00,7.3119399999999996e+03,7.7000000000000002e-03,"01",704,
"144ZOIPA","P0005275",119,"EQUI0133",1.3000000000000000e-01,5.0972000000000003e+02,1.0000000000000000e+00,"01",705,
"144ZOIPA","P0005901",120,"EQUI0061",1.0000000000000000e+00,8.0000000000000000e+01,3.5000000000000001e-03,"00",706,
"144ZOIPA","P0005901",120,"EQUI0233",2.0000000000000000e+00,3.0000000000000000e+01,1.0000000000000000e-02,"01",707,
"144ZOIPA","P0005901",120,"EQUI0335",1.0000000000000000e+00,3.4000000000000000e+02,1.0000000000000000e-02,"01",708,
"144ZOIPA","P0005901",120,"EQUI0073",1.0000000000000000e+00,3.0000000000000000e+01,1.0000000000000000e-02,"01",709,
"144ZOIPA","P0005901",120,"EQUI0275",1.0000000000000000e+00,8.0000000000000000e+01,1.0000000000000000e-02,"01",710,
"144ZOIPA","P0005901",120,"EQUI0116",1.0000000000000000e+00,7.0120000000000005e+01,1.0000000000000000e-02,"00",711,
"144ZOIPA","P0005901",120,"EQUI0351",1.0000000000000000e+00,1.1250000000000000e+01,1.0000000000000000e-02,"01",712,
"144ZOIPA","P0003579",121,"EQUI0019",1.0000000000000000e+00,1.3252000000000001e+02,1.0000000000000000e+00,"01",713,
"144ZOIPA","P0003579",121,"EQUI0073",1.0000000000000000e+00,3.0000000000000000e+01,1.0000000000000000e-02,"01",714,
"144ZOIPA","P0003579",121,"EQUI0275",1.0000000000000000e+00,8.0000000000000000e+01,1.0000000000000000e-02,"01",715,
"144ZOIPA","P0003579",121,"EQUI0318",1.0000000000000000e+00,6.6780000000000001e+01,1.0000000000000000e-02,"01",716,
"144ZOIPA","P0003579",121,"EQUI0310",1.0000000000000000e+00,2.5000000000000000e+02,1.0000000000000000e+00,"01",717,
"144ZOIPA","CAJAMED1",122,"COP075",2.5000000000000000e-01,1.3500000000000000e+05,3.1419999999999998e-03,"01",718,
"144ZOIPA","CAJAMED1",122,"PLO012",5.0000000000000000e-01,1.0000000000000000e+01,1.0000000000000000e+00,"01",719,
"144ZOIPA","CAJAMED2",123,"PLO012",1.0000000000000000e+00,1.0000000000000000e+01,1.0000000000000000e+00,"01",720,
